genesymbol_GRCh38,genetype,A549.2513KO.R1,A549.2513KO.R2,A549.2513KO.R3,A549.WT.R1,A549.WT.R2,A549.WT.R3
ABCC9,protein_coding,0.27764,0.395013,0.430844,0.977783,0.828822,1.396887
ABCG1,protein_coding,8.265487,11.619252,8.790162,2.574828,2.760936,3.396875
ABLIM1,protein_coding,3.350372,4.265354,3.16148,6.068068,8.367504,8.8395
AC004846.1,lncRNA,0.310605,0.61898,0.677842,1.496368,1.917502,2.127467
AC006460.1,lncRNA,0.582857,1.416124,0.575968,2.050196,2.612842,3.759469
AC008878.1,protein_coding,1.395696,6.050574,10.168191,0.999906,1.035541,0
AC010643.1,lncRNA,0.263829,0.181033,0.152428,0.407307,0.568518,0.540462
AC010733.1,lncRNA,0.038811,0.04412,0.089947,0.286158,0.782172,0.685727
AC010889.1,lncRNA,0.689344,0.772418,0.762052,0.232822,0.446539,0.280282
AC011921.1,lncRNA,0.90769,1.362273,0.642454,1.914766,2.928941,3.338715
AC012313.3,lncRNA,0.778839,1.341676,1.233362,3.117471,2.060493,4.696227
AC018865.2,lncRNA,0,0.051705,0,0.414983,0.465476,1.075694
AC021092.1,lncRNA,0.239791,0.597139,0.347877,0.929519,1.135467,0.894217
AC025442.1,lncRNA,3.724822,3.693207,4.460865,1.12841,1.751866,1.95577
AC026329.1,lncRNA,0.512199,0.808192,0.751443,0.377342,0.343879,0.375476
AC027702.2,lncRNA,1.108888,2.135252,0.9513,0.389825,0.648463,0.364027
AC067852.5,lncRNA,0.935254,2.194815,0.949228,2.738194,3.963678,4.68527
AC068491.3,lncRNA,3.126545,3.484489,4.114314,1.535683,2.371753,1.653652
AC068580.4,protein_coding,28.188322,16.269012,10.045285,3.950247,17.056953,5.065829
AC084117.1,lncRNA,2.230052,2.681725,2.537702,5.907506,8.941156,7.68496
AC090152.1,lncRNA,1.857829,2.538087,1.613875,0.16486,0.094508,0.126044
AC092171.3,lncRNA,0.761045,1.460265,1.325212,0.553328,0.66459,0.5903
AC093484.4,lncRNA,10.660272,12.365403,12.436204,20.605099,26.135487,36.5714
AC099786.2,lncRNA,0,0.044073,0,2.29648,3.063261,4.115291
AC104024.4,lncRNA,0.555865,0.483303,0.509439,0.948193,2.133271,1.752972
AC104461.1,lncRNA,0.763463,0.632796,0.388822,1.42842,1.755942,2.186925
AC105052.1,protein_coding,1.137181,1.792883,2.419501,0.799234,0.647898,1.340307
AC106845.1,lncRNA,0.06927,0.090756,0.054612,0.868415,1.389673,1.94835
AC108050.1,lncRNA,1.183015,0.90722,0.896512,1.648898,3.382262,3.147865
AC114802.1,lncRNA,1.949638,2.000746,1.34355,2.851171,4.86728,5.712321
AC115284.4,lncRNA,0.198378,0.220744,0.273997,0.427104,0.548439,0.87452
AC125807.2,lncRNA,0.647361,0.778868,0.368929,0.250014,0.126568,0.359993
AC233701.1,lncRNA,3.147389,4.047256,4.706492,1.226888,1.723849,1.82642
AC244197.3,protein_coding,10.909429,14.344096,10.344683,7.147296,5.338643,10.415469
ACKR3,protein_coding,12.425464,14.66079,9.508626,4.450525,5.977269,7.902574
ADAM22,protein_coding,0.177023,0.171487,0.382166,1.053733,2.676135,1.895362
ADAMTS9,protein_coding,0,0,0,1.738872,2.551907,2.672101
ADARB1,protein_coding,1.661304,1.723307,1.113252,3.776021,4.926243,4.408065
ADGRL2,protein_coding,0.054248,0.025445,0.008997,11.610562,16.025803,16.580203
ADRB2,protein_coding,1.23961,0.637102,0.709936,0.234472,0.241749,0.388691
AF131216.4,lncRNA,1.111794,1.54724,1.232263,0.370718,1.068814,0.471733
AFF1,protein_coding,8.98687,10.274268,7.718201,13.6256,19.454329,23.11214
AL022238.4,protein_coding,1.777182,1.210013,0.847374,1.427738,8.929443,2.359745
AL022328.4,lncRNA,1.414601,1.895914,1.769439,0.537151,0.507446,1.226389
AL109615.3,lncRNA,0.448826,0.361182,0.266569,0.675436,1.17799,1.435516
AL157935.2,lncRNA,4.004346,9.143049,11.284979,1.384978,1.220747,1.580914
AL160159.1,lncRNA,0,0,0,2.423276,3.243678,6.416252
AL160254.1,lncRNA,2.307383,1.826812,0.776562,2.942244,3.864318,6.272822
AL353150.1,lncRNA,4.928883,5.504146,6.509426,1.523037,0.916649,1.37941
AL354740.1,lncRNA,1.066915,1.009739,0.757873,0.435429,0.314302,0.402312
AL354822.1,protein_coding,0.389108,0.315297,0.392914,0.769173,1.644689,1.963382
AL355075.4,lncRNA,4.060428,9106.954102,23463.40234,2.081879,257.003326,3.734483
AL356124.1,lncRNA,2.290438,2.588099,1.727319,0.406435,0.642752,0.834287
AL359962.3,lncRNA,1.742994,1.564673,1.351823,0.486283,1.009068,1.063304
AL391832.2,lncRNA,1.911443,2.304884,1.678449,1.104393,0.408828,0.856655
AL512625.3,lncRNA,2.12543,2.893933,2.678628,1.013293,0.814483,1.233524
AL590560.3,lncRNA,0.602106,0.971654,0.963207,0.368753,0.479177,0.377437
ALX1,TF,0,0.060744,0,4.559787,6.656226,7.935791
AMBP,protein_coding,8.283491,9.633269,7.458011,3.15089,4.448149,3.935577
ANK3,protein_coding,0.100122,0.488117,0.143347,0.619357,0.622584,0.77918
ANKRD30A,protein_coding,0.001869,0.01604,0.003782,2.974148,3.947281,4.685068
ANKS4B,protein_coding,0.01832,0.033451,0.058262,0.395564,0.47453,0.819574
ANO1,protein_coding,0.532146,0.75617,0.408785,0.108156,0.240209,0.402775
ANPEP,protein_coding,23.902006,25.949628,19.972184,4.77176,5.528981,6.479005
ANXA6,protein_coding,17.517346,18.191725,13.27567,31.948831,41.100151,40.353828
AP003721.1,lncRNA,0.515622,0.516677,0.347915,0.94731,1.272641,1.29144
APBB1IP,protein_coding,0.454519,0.391583,0.265701,2.729345,3.702029,3.934786
APOH,protein_coding,0.95415,1.020587,0.419309,2.000471,2.494805,2.082505
ARHGAP25,protein_coding,1.63966,1.076874,0.656285,0.308136,0.441858,0.220311
ARX,TF,1.614912,1.793945,0.493493,0.358153,0.331128,0.828394
ASB4,protein_coding,0.675804,0.87079,0.812457,0.944126,1.943701,1.061074
ASIC2,protein_coding,2.613186,2.465112,1.557079,1.148735,0.7417,1.3809
ASMTL-AS1,lncRNA,4.539861,5.521343,4.398944,1.520717,1.426683,3.39173
ATF3,TF,3.631663,4.508787,3.141078,1.574968,2.366157,1.586302
BAAT,protein_coding,0.517204,0.816516,0.359506,2.312091,3.466951,4.501591
BIRC5,protein_coding,23.36256,31.860567,66.302688,91.01535,115.756212,112.631261
BLID,protein_coding,0.837325,1.553975,1.556506,2.763373,5.555747,7.431396
BOC,protein_coding,9.112035,10.208012,10.619946,4.413809,4.958171,5.125657
BTBD19,protein_coding,0.946245,1.629015,1.346445,2.814376,3.356053,4.79621
C10orf90,protein_coding,0.171228,0.604987,0.213522,0.574077,0.795173,0.769545
C11orf86,protein_coding,4.199864,6.245135,6.05193,13.096114,14.753082,20.077297
C1QL4,protein_coding,1.669498,1.650422,1.633827,4.056561,3.845636,4.052958
C1R,protein_coding,34.509592,36.164862,27.820556,13.737681,15.0318,15.334295
C1S,protein_coding,59.434751,70.3525,51.646699,22.52175,28.895936,34.011134
C6orf132,protein_coding,0.671034,0.480152,0.299564,0.972603,1.283625,1.721838
C6orf223,protein_coding,0.337595,0.179076,0.249711,0.904154,1.00715,1.257198
C9orf50,protein_coding,1.652882,2.06347,2.41471,0.59738,0.864887,2.162942
CA13,protein_coding,0.099159,0.11895,0,0.724323,0.702845,2.202269
CA9,protein_coding,0.208046,0.459237,0.32845,2.377594,3.872539,8.649569
CACNG6,protein_coding,11.614389,14.357139,13.509367,6.934208,6.377156,7.546656
CAMK2A,protein_coding,0.973876,1.040414,1.398468,0.573305,0.644874,0.339013
CAMKK2,protein_coding,3.800909,5.615419,4.806443,8.97464,16.554569,9.896746
CASC19,lncRNA,1.620946,1.971653,1.507679,4.318916,4.950624,6.502618
CCDC148,protein_coding,0.345716,0.444293,0.462106,0.770658,1.357403,1.779304
CCL2,protein_coding,9.169856,7.590375,2.625865,20.893634,26.034615,21.829357
CCL20,protein_coding,0.648593,0,0,2.076397,3.838759,2.485454
CCN4,protein_coding,3.444589,3.208516,2.905173,0.288825,0.393356,0.561668
CD22,protein_coding,1.10412,1.242206,0.809517,0.468444,0.628649,0.229659
CD24,protein_coding,97.30204,108.421174,51.847213,173.213629,239.731741,235.354904
CD274,protein_coding,0.243475,0.41104,0.328182,0.729443,0.816268,1.003716
CD38,protein_coding,9.009035,11.271032,6.604808,3.50634,4.674013,6.309162
CD82,protein_coding,2.327441,3.015618,1.555486,0.867426,0.701154,1.427014
CDH1,protein_coding,6.933663,8.091016,5.875091,17.049099,21.739022,25.093169
CDH19,protein_coding,0,0,0,0.390783,0.601622,0.777522
CDKN1A,protein_coding,101.461413,125.031103,81.816407,44.641676,60.352965,70.572915
CEACAM6,protein_coding,0,0,0.101136,2.616944,3.966086,5.092747
CEP170B,protein_coding,0.979268,2.120832,0.84564,0.54053,0.743519,0.674237
CEP295,protein_coding,2.306876,3.424598,3.711171,1.715572,2.264833,2.545278
CES1,protein_coding,58.637847,74.202695,51.743291,14.867732,18.714123,19.483587
CES3,protein_coding,1.079648,2.306691,1.135564,2.383389,3.76595,3.707726
CFH,protein_coding,0.149255,0.335591,0.139669,2.307338,2.886611,3.753654
CGN,protein_coding,1.027467,1.152624,1.128361,3.260658,4.473588,4.292028
CHAC1,protein_coding,3.501804,5.568195,3.145866,1.126475,2.920313,1.630511
CHST6,protein_coding,0.151867,0.211887,0.146502,0.366126,0.415525,0.519938
CIDEC,protein_coding,0.579497,0.919665,0.341887,1.667691,2.497039,4.373748
CNOT6L,protein_coding,4.61382,6.69571,3.568742,11.637779,10.305181,5.647043
CNRIP1,protein_coding,3.508495,4.2396,2.866669,0.990008,2.521351,2.157855
COL11A1,protein_coding,0.109263,0.045306,0,1.424774,1.735394,2.265027
COL12A1,protein_coding,3.131142,3.4135,2.47265,5.587509,7.038039,8.224277
COL18A1-AS1,lncRNA,5.662853,6.730172,8.171219,2.724596,3.653065,4.629781
COL1A1,protein_coding,2.219385,3.08543,4.033141,8.299531,10.868084,13.580911
COL20A1,protein_coding,0.165148,0.86802,0.414222,0.542906,0.906868,1.788643
COL4A5,protein_coding,37.653614,45.602225,43.272643,14.905783,20.42243,28.72811
COL4A6,protein_coding,23.810313,29.036336,23.669427,6.882888,8.219383,11.536813
CORO2A,protein_coding,0.32,0.312185,0.392376,0.656483,0.873888,0.912057
CP,protein_coding,3.55753,4.849228,3.259751,5.659558,9.405032,11.756847
CPE,protein_coding,0.227217,0.141081,0.139407,0.601715,1.121747,0.852668
CPS1,protein_coding,112.057028,132.268833,96.106424,22.626185,31.271437,34.546991
CPS1-IT1,lncRNA,4.218635,4.951162,4.13623,0.648299,1.022096,1.679688
CRACR2A,protein_coding,2.069082,1.957713,1.231355,0.38007,0.887072,0.896739
CRISPLD2,protein_coding,3.117556,3.706524,2.918665,0.751014,0.993926,1.154952
CRYBG2,protein_coding,0.04038,0.198552,0.034589,0.890404,1.639328,2.073357
CRYM,protein_coding,1.017725,0.529436,0.702496,1.419508,1.338987,2.306005
CSDC2,protein_coding,0.413928,0.793254,0.798879,1.993014,2.916095,3.831134
CSF1,protein_coding,64.054809,72.799921,58.481074,26.690855,34.783413,34.518511
CSF2RA,protein_coding,5.15711,4.82004,3.796158,1.62199,2.501804,1.404448
CTSL,protein_coding,103.745391,142.096299,95.751398,37.930888,34.044815,27.153009
CTSV,protein_coding,1.017357,1.308615,0.772863,2.158286,2.218943,3.134759
CTTNBP2,protein_coding,0.150652,0.432279,0,0.826818,1.330906,1.946363
CXCL1,protein_coding,2.60338,2.013642,1.491735,14.15695,19.693792,17.709773
CXCL8,protein_coding,1.722748,1.498304,0.768605,5.854445,10.233262,10.675713
DCDC1,protein_coding,0.039518,0.028627,0.044007,0.731567,0.892747,1.171782
DDC,protein_coding,0.897895,0.726236,0.787303,2.668452,2.94856,3.435184
DDX3Y,protein_coding,40.272646,38.949544,24.782519,14.298037,19.22608,20.894151
DENND1B,protein_coding,4.288254,6.04249,4.252037,2.543176,3.464941,5.305436
DENND2A,protein_coding,1.379727,1.221761,1.421152,0.332358,0.827471,0.571334
DHRS2,protein_coding,1.105944,1.024568,0.710146,2.80626,3.144119,2.270736
DIRAS1,protein_coding,3.99513,5.442207,3.388981,2.104217,2.265343,2.999697
DLC1,protein_coding,2.539658,3.046872,1.699453,17.489017,23.290517,26.461528
DMKN,protein_coding,7.197484,6.819305,6.428839,13.928757,16.619977,20.367916
DNAH17-AS1,lncRNA,1.624392,1.6808,2.151192,3.355827,5.627237,5.020118
DNER,protein_coding,1.208959,1.861363,1.629608,0.885815,0.852031,0.701555
DOC2B,protein_coding,1.282603,0.958614,1.04719,0.409238,0.543167,0.593604
DOCK8,protein_coding,0.074539,0.117847,0.054581,0.298226,0.322242,0.807897
DOK7,protein_coding,1.577012,1.949342,2.721144,0.635216,0.615838,0.590394
DRD1,protein_coding,5.277416,4.940652,4.82161,1.525846,2.451829,3.052996
DSC2,protein_coding,0.330297,0.295336,0.1882,1.032257,1.143151,1.450126
DSEL,protein_coding,0.072911,0.075801,0.046799,0.277598,0.529446,0.594908
EDA,protein_coding,0.445218,0.289364,0.270883,0.689696,1.055236,1.009465
EDN2,protein_coding,2.665164,3.333107,2.681731,5.800526,7.426715,8.21883
EFHB,protein_coding,0.347346,0.600761,0.143801,1.172314,1.393799,1.432124
EHF,TF,5.225419,4.515788,2.337288,0.755121,0.912983,1.013218
EIF1AY,protein_coding,26.162839,24.035466,11.101189,6.764734,10.422157,11.767533
EPB41L4A,protein_coding,0.437058,0.484063,0.115209,2.453927,3.491145,3.571874
EPHB6,protein_coding,0.118149,0,0.051257,0.369392,0.508771,0.513884
EPPK1,protein_coding,0.426066,0.400943,0.433936,0.182409,0.117712,0.195931
ERBB3,protein_coding,0.944676,1.849411,1.592621,3.247879,4.797483,6.324985
ERVMER61-1,lncRNA,0.064889,0,0,2.15525,2.305938,2.700022
ETV1,TF,0.771802,0.418528,0.373488,3.696371,2.87948,3.344086
EXO1,protein_coding,3.232984,5.792999,2.750727,6.188622,8.605518,7.180785
EXOC3L2,protein_coding,0.505949,0.934412,0.472943,1.442329,1.576578,2.637462
EXPH5,protein_coding,0.478436,0.627894,0.203526,0.11473,0.115706,0.175151
F2RL2,protein_coding,0.6076,2.256503,0.733556,2.141534,4.503842,5.379743
F5,protein_coding,0,0,0.016247,0.172932,0.201417,0.20179
FAM102A,protein_coding,76.066061,97.96754,89.728096,27.559501,35.361649,41.45964
FAM110C,protein_coding,0.024611,0.019167,0.025155,0.326026,0.695035,0.661672
FAM149A,protein_coding,0.670962,0.989278,0.232665,1.598729,0.982531,1.973078
FAM224A,lncRNA,3.607515,3.683524,2.619253,0.814642,1.010563,1.241706
FAM224B,lncRNA,3.366443,3.182712,4.361019,1.036089,1.196773,1.418209
FAM229B,protein_coding,1.44773,0.936454,1.09338,2.790144,2.261576,3.282571
FAT1,protein_coding,5.592267,10.31382,7.077351,31.689006,15.132743,26.660601
FCGBP,protein_coding,2.603226,4.716069,3.271146,0.806658,1.314675,1.952721
FCMR,protein_coding,1.921084,2.178184,1.113013,0.797676,0.529453,0.225549
FES,protein_coding,0.300628,0.369751,0.255341,0.735074,1.05892,1.022429
FGA,protein_coding,1.8334,1.689867,0.565139,4.15781,5.834286,6.103387
FGB,protein_coding,0.103215,0.16387,0.231339,2.697604,3.748323,4.488593
FGF14,protein_coding,0,0,0,0.176495,0.303518,0.253867
FGFR2,protein_coding,0.074228,0,0.046253,0.606676,0.869015,1.246533
FGFR3,protein_coding,1.122666,1.880064,1.462,3.457778,5.068315,6.637832
FGFR4,protein_coding,11.034694,14.372578,12.666302,33.322088,43.230711,53.879743
FGG,protein_coding,0.274104,0.457202,0.298001,1.259363,1.433784,0.97779
FILIP1,protein_coding,0.119891,0.110399,0.064785,0.425088,0.661724,0.738094
FIRRE,lncRNA,0.222437,0.126742,0,1.462,1.714506,1.268821
FLNC,protein_coding,0.258272,0.303968,0.260576,0.667758,0.887718,0.71658
FLRT2,protein_coding,0.955461,0.402131,0.326679,1.342583,3.300398,1.120869
FMNL1,protein_coding,8.883019,26.94108,11.685584,26.59821,35.809121,40.072088
FP236383.3,lncRNA,0.59472,1.331341,1.358029,4.251941,5.111424,4.371682
FP671120.5,lncRNA,0.187997,0.320519,0.469322,1.904311,1.90992,1.780535
FRMD4B,protein_coding,0.29808,0.437926,0.347989,0.999805,1.997976,2.435879
FRRS1,protein_coding,0.837475,0.941478,0.552278,1.330107,1.857441,2.257278
FRRS1L,protein_coding,0.08337,0.05555,0.043963,0.395587,0.413736,0.5118
FSTL4,protein_coding,5.348434,6.464532,5.668104,0.768506,1.760644,2.302431
FXYD2,protein_coding,4.878121,6.203522,4.018617,33.537297,46.883782,56.164199
G0S2,protein_coding,2.329988,3.313704,2.162927,0.890712,0.605381,0.114457
GABRA3,protein_coding,0,0,0,0.838993,0.948029,1.292584
GABRQ,protein_coding,0.064757,0.091665,0.039548,0.914404,1.257515,1.526129
GALNT6,protein_coding,0.649831,1.006499,1.145471,3.052309,3.81904,3.470917
GALNT9,protein_coding,3.23971,4.220972,3.403992,1.172647,2.021642,2.71082
GASK1B,protein_coding,0.96927,1.2332,0.465641,0.325814,0.380619,0.619198
GCLM,protein_coding,52.642473,54.883368,46.861493,21.265749,35.962247,28.126583
GDA,protein_coding,0.151449,0.212278,0.196021,0.309273,0.576891,0.983921
GDF15,protein_coding,101.791999,123.753162,81.931641,27.945666,35.606287,40.636755
GJA3,protein_coding,0.658007,0.712177,0.561451,0.321131,0.403591,0.173473
GLB1L2,protein_coding,6.331933,6.443901,5.396393,2.550047,4.151974,2.693636
GLB1L3,protein_coding,0.757561,0.603597,0.540805,0.141007,0.206508,0.165
GLDC,protein_coding,5.132218,5.937557,4.41693,17.148407,23.560188,24.096843
GLI2,TF,1.178222,1.430942,0.79069,2.752792,1.998725,1.552619
GLRB,protein_coding,0.337637,0.326602,0.138439,0.906278,0.650688,1.19576
GNG2,protein_coding,3.269336,3.332675,2.64447,0.950235,1.277542,0.861042
GNRH1,protein_coding,0.279875,0.30417,0.44143,0.654613,0.692994,2.126188
GPC6,protein_coding,0,0.020259,0.040015,6.672449,8.812422,9.928704
GPRIN3,protein_coding,7.044864,7.676781,4.674266,15.587797,21.187731,24.865034
GRAMD1C,protein_coding,0.160007,0.399029,0.084971,0.62503,1.17829,0.805544
GREM1,protein_coding,2.388276,3.08981,1.516695,0.834845,1.1753,0.842969
GRHL1,TF,0.686628,0.340647,0.19671,0.628456,1.168627,1.058182
GRHL3,protein_coding,1.194776,2.348373,1.19784,0.539303,0.561749,0.770231
GRID1,protein_coding,0.105367,0.17432,0.100847,0.237187,0.408407,0.584852
GRIK2,protein_coding,0,0.005592,0,0.839029,1.453416,0.859039
GSTT2B,protein_coding,2.719657,2.782204,2.469377,0.124651,0,0
GUCY1A2,protein_coding,0.081664,0.108492,0.036666,0.115604,0.23296,0.273754
H1-5,protein_coding,53.161652,51.261158,31.668293,106.389679,119.81192,112.024582
H19,lncRNA,1.139163,0.744283,0.789294,2.943829,2.821332,2.354175
H2BC15,protein_coding,9.36229,6.151724,4.946195,44.71418,50.586087,8.099121
H3-2,protein_coding,2.213377,1.734187,2.887616,8.460719,3.835179,3.147864
HAGLR,lncRNA,0.335073,0.51831,0.431093,1.113034,2.124857,1.494451
HAP1,protein_coding,2.092076,2.003983,1.952818,0.507615,0.808242,1.703621
HAS1,protein_coding,1.047953,1.122125,0.914797,0.362951,0.506398,0.432283
HAS2,protein_coding,1.907877,1.676751,1.363128,2.506045,4.380978,4.849311
HCN4,protein_coding,0.383422,0.248601,0.288109,0.117499,0.175093,0.178621
HDAC9,protein_coding,0.406223,0.214894,0.271956,0.043724,0.139536,0.231579
HEATR9,protein_coding,0.159539,0.40635,0.171972,0.598467,0.650121,0.825089
HGD,protein_coding,6.266876,9.397804,5.249109,22.502328,30.665871,34.06932
HHIP,protein_coding,1.645773,1.838356,1.352724,0.546804,0.927324,0.92821
HLA-DMB,protein_coding,0.691299,1.305421,1.50631,3.274706,3.699556,5.688218
HNF1A,TF,2.070406,3.650262,2.05773,5.197263,6.550604,7.925479
HNF1A-AS1,lncRNA,5.919554,5.534163,5.506173,10.959052,16.162003,18.213928
HNF4A,TF,7.405829,8.487333,6.530137,14.497478,17.055915,21.024578
HNF4G,TF,0.130018,0.604111,0.078887,0.358997,1.004753,1.678411
HOOK1,protein_coding,0.062806,0.035919,0.058992,0.736382,1.586389,1.697225
HSD17B1,protein_coding,2.170168,2.772041,1.556543,3.508522,5.183831,4.547337
HTRA3,protein_coding,13.506922,16.316225,13.978513,2.205588,2.679819,2.972421
HYAL1,protein_coding,0.699199,1.084169,0.602393,1.490049,2.283452,1.780984
IGFBP3,protein_coding,99.560697,110.139974,69.528838,188.032309,266.618863,256.185413
IGFBPL1,protein_coding,5.217349,5.900192,2.982615,1.817125,2.980218,2.995167
IGFL2-AS1,lncRNA,10.988213,13.288649,3.95737,1.427079,4.050304,1.581558
IGFL4,protein_coding,5.884244,5.559035,5.136856,0.89789,2.046119,1.96755
IGSF9,protein_coding,0.168082,0.260655,0.155916,0.520311,0.52628,0.68431
IKZF2,protein_coding,0.09999,0.400691,0.048621,0.904979,0.552381,0.981568
IL11,protein_coding,14.679209,17.349198,14.39538,36.14128,45.850069,46.21992
IL17D,protein_coding,1.127263,1.172294,0.920738,0.460267,0.463313,0.620424
IL1B,protein_coding,1.27251,1.903038,2.46306,0.373908,0.431557,1.634296
IL31RA,protein_coding,0.695572,1.075063,0.572555,1.515494,3.689795,2.31131
IL32,protein_coding,2.847395,3.896886,1.618411,7.485219,6.975915,7.362808
INHBB,protein_coding,74.845604,89.585434,67.552322,30.389097,37.173916,36.349804
IQGAP2,protein_coding,5.605456,6.34694,3.910323,2.199323,2.94264,3.49298
ITGA1,protein_coding,0.333725,0.40242,0.06379,1.086305,1.66317,1.985147
ITGA10,protein_coding,2.119766,2.573428,2.364395,0.350514,0.531794,0.885283
ITGA7,protein_coding,0.816847,0.855396,0.710521,1.895174,2.507645,2.196489
ITGB3,protein_coding,4.63699,5.51023,3.44529,1.085303,1.446795,1.994714
ITGB6,protein_coding,1.089986,2.014045,0.898843,2.383673,3.865625,5.175386
ITGBL1,protein_coding,0.01778,0,0.106754,2.063459,2.57018,2.525853
ITIH2,protein_coding,0.162824,0.111684,0.079851,0.611312,0.602156,0.729831
KCNE4,protein_coding,1.164987,1.141708,0.732873,0.070935,0.130049,0.334165
KCNF1,protein_coding,9.277786,10.002616,8.40387,4.58325,3.34795,4.199773
KCNJ2,protein_coding,0.869114,0.758664,0.578194,0.306747,0.341187,0.316075
KCNJ8,protein_coding,0.665761,0.6291,0.625749,1.21371,2.431367,2.477864
KCNK15,protein_coding,1.925221,2.104051,1.913423,1.059798,1.125148,0.950788
KCNV1,protein_coding,0,0,0,0.358109,0.295665,0.836265
KCTD12,protein_coding,0.87524,1.004447,0.43633,1.590855,2.572127,2.430614
KDM5D,protein_coding,18.191283,23.452935,20.825272,6.618021,7.727537,9.190343
KIAA0408,protein_coding,0.827708,0.648077,0.555359,1.645045,2.854823,1.695137
KIAA1671,protein_coding,5.603423,11.107099,8.453539,2.817928,5.545764,4.838172
KIF1A,protein_coding,0.271305,0.509317,0.694667,0.276774,0.165012,0.189508
KIF5A,protein_coding,0.037797,0.071315,0.053333,0.585427,0.626263,0.679765
KITLG,protein_coding,12.02813,11.748806,6.036557,3.707604,5.18182,4.960648
KLHL9,protein_coding,2.580635,1.048782,5.441966,14.188247,3.062699,23.808212
KRT19,protein_coding,41.724106,51.99352,30.569076,18.087239,24.892508,21.945206
LAMA2,protein_coding,0.486314,0.834474,0.420945,0.356028,0.409883,0.520788
LAMA4,protein_coding,0.213355,0.027104,0.027777,0.465779,0.263064,0.730257
LAMB3,protein_coding,14.056958,22.974317,12.942007,6.140392,7.766651,8.345249
LARGE2,protein_coding,1.146973,1.374446,1.265115,2.506968,3.1894,3.948879
LAYN,protein_coding,7.910169,6.341161,3.943779,2.103115,2.88825,2.250888
LHFPL4,protein_coding,3.591022,4.712538,3.937144,0.220195,0.289183,0.52678
LHX8,TF,0.034273,0,0,3.972105,5.799302,5.993701
LIN28B,TF,1.369946,1.421541,0.669301,2.026713,3.058203,3.241498
LIN7A,protein_coding,0,0.032222,0.040833,0.784033,1.156404,1.608544
LINC00632,lncRNA,13.697004,20.226587,10.823238,4.273456,8.122461,7.960743
LINC00665,lncRNA,2.616223,2.179834,1.638513,0.295453,0.475207,0.363926
LINC01151,lncRNA,0.122676,0.326355,0.307246,1.023619,1.800632,1.517339
LINC01305,lncRNA,0.92226,0.859288,1.040428,0.189363,0.351831,0.444402
LINC01322,lncRNA,0.110291,0.141361,0.074856,1.162547,1.466978,1.613842
LINC01564,lncRNA,1.608121,2.156296,1.988065,1.006932,1.156697,0.778465
LINC01842,lncRNA,3.918151,4.533301,2.885023,1.378333,1.901554,1.9734
LINC01895,lncRNA,2.479452,2.969628,2.241818,0.671898,0.794464,0.812067
LINC02163,lncRNA,2.74147,2.723169,3.754552,0.898336,1.031281,1.307162
LINC02212,lncRNA,0,0.123812,0,1.358255,2.939058,2.458646
LINC02256,lncRNA,6.190275,6.343201,7.453362,2.905664,4.207284,2.497417
LINC02367,lncRNA,0.533152,0.507303,0.703342,1.050182,1.670883,2.274471
LINC02532,lncRNA,1.86241,0.854207,0.551986,4.940936,5.45002,7.373604
LINC02577,lncRNA,4.746694,5.200201,4.038173,2.374451,2.00768,2.606631
LINC02582,lncRNA,12.787079,15.8652,7.888871,38.832925,57.804,53.282531
LINC02783,lncRNA,0.415221,0.356819,0.447859,0.133542,0.097264,0.133168
LINC02870,lncRNA,1.418369,2.037861,1.124531,3.62545,3.470431,4.44454
LMCD1-AS1,lncRNA,0.69424,1.097954,0.926439,2.203669,2.108428,2.774438
LMO1,protein_coding,3.22877,4.228258,2.248815,1.352355,1.692642,1.657721
LRMDA,protein_coding,5.828373,6.248051,4.752192,1.900292,2.7462,2.815444
LRRC46,protein_coding,0.783501,1.783292,0.807215,3.516299,2.420106,2.902924
LRRIQ1,protein_coding,0.090158,0.121637,0.053115,0.519207,1.182307,0.861137
LTBP1,protein_coding,3.69199,4.952555,3.925568,7.491637,9.713334,10.415431
LYL1,TF,1.706856,1.376402,1.406947,0.254458,0.072899,0.332264
LYNX1,protein_coding,5.295457,6.891296,5.269365,1.406771,1.800344,1.957351
MAGEA3,protein_coding,0.036346,0,0.055765,3.657838,4.657675,4.337575
MAGEA6,protein_coding,0,0,0,14.920249,20.356323,22.148458
MAGI2-AS3,lncRNA,1.319268,1.192075,0.599974,0.779206,0.738129,1.131421
MAP2,protein_coding,0.55632,0.880421,0.689233,0.187503,0.475563,0.33696
MAP7D2,protein_coding,1.671473,2.094264,1.104364,4.991148,5.514899,5.984732
MED12L,protein_coding,0.154144,0.229018,0.068208,2.21077,2.355091,1.783616
MED14,protein_coding,4.246308,3.291671,3.587637,10.137273,9.517742,15.004148
MEGF11,protein_coding,1.51417,2.150773,2.089426,2.914537,6.952653,6.433828
MEGF6,protein_coding,8.396784,7.489501,13.529435,2.889972,2.567266,3.947047
METTL7B,protein_coding,3.574351,4.699108,2.974557,9.400661,11.081101,15.130528
MGAM,protein_coding,0.109131,0.06818,0.062741,0.247133,0.519371,0.587933
MIAT,lncRNA,0.589315,0.612176,0.706713,1.362737,1.436316,2.631521
MIR100HG,lncRNA,8.970643,8.962017,5.491703,22.971643,32.692966,35.499087
MIR194-2HG,lncRNA,1.093556,1.54703,1.49506,2.586161,3.625484,4.726175
MLLT3,protein_coding,4.125114,4.945912,3.325454,7.403359,11.416146,10.769748
MOCS1,protein_coding,0.301704,0.242208,0.235035,1.002954,1.605591,1.319885
MSH5-SAPCD1,protein_coding,0.797874,0.932497,0.431376,3.028837,0.755188,2.006277
MSTRG.12176.7,lncRNA,9.137885,10.89568,9.65326,1.855561,1.669759,2.737772
MSTRG.13526.1,lncRNA,5.478835,4.620572,5.057284,0,0,0
MSTRG.14715.2,lncRNA,34.318954,1.027747,1.975116,0.1529,1.046363,1.105063
MSTRG.2513.6,lncRNA,1.397417,2.228325,2.907943,1.235899,2.662296,1.79341
MSTRG.4401.1,lncRNA,0.352518,0.383578,0.194645,1.580107,2.243198,2.475834
MSTRG.7717.1,lncRNA,9.772407,8.210689,5.052283,0,0,0
MTMR8,protein_coding,0.793065,0.702194,0.623772,1.706079,1.826159,1.373438
MTX3,protein_coding,0.71411,2.453454,0.576011,2.422112,4.123169,4.431028
MUC5AC,protein_coding,10.023909,15.758838,11.426251,3.632615,4.868762,4.351862
MUC5B,protein_coding,1.328849,2.722124,1.754071,4.625238,5.321563,7.785348
MYL9,protein_coding,1.999016,1.961813,1.417057,0.761095,0.885288,0.991702
MYOCD,protein_coding,0.515899,0.833373,0.4119,3.095853,4.410473,4.95048
NACC1,protein_coding,1.703727,8.896915,5.454993,13.150888,28.687105,27.701208
NAMPT,protein_coding,62.197283,62.014785,57.850931,12.414092,24.508736,23.371729
NAP1L2,protein_coding,0.388932,0.140795,0.243494,1.173519,1.179855,1.47832
NCMAP,protein_coding,0.627552,0.555206,0.444971,0.099912,0.279717,0.306812
NEB,protein_coding,1.274192,0.461159,0.419695,2.214622,2.989836,3.21105
NHS,protein_coding,0.529662,0.726069,0.449,1.004615,1.859009,1.538303
NID1,protein_coding,1.761529,1.69834,1.278641,4.134007,5.247498,6.965275
NIPAL2,protein_coding,4.97241,4.598736,3.308156,1.433157,2.116176,2.360045
NLGN4Y,protein_coding,3.091003,3.830832,2.835384,0.804587,1.421976,1.807343
NLRC5,protein_coding,7.180112,7.232557,9.416706,2.843322,5.039209,4.699072
NNMT,protein_coding,80.010281,87.672805,68.313892,35.82554,46.544217,52.49397
NOTUM,protein_coding,1.302848,0.950356,1.23946,0.366451,0.573936,0.429666
NOVA1,protein_coding,2.357512,2.391364,1.40614,3.823493,6.123818,6.561124
NPAS2-AS1,lncRNA,3.6051,2.891248,3.44563,1.192525,1.797,2.351166
NPTX1,protein_coding,0.812198,0.703317,0.512028,25.48121,32.682055,38.858568
NPY4R2,protein_coding,0.376612,0.437299,0.333218,1.034229,1.000087,1.276001
NR2F1,TF,1.805412,1.613321,1.355652,3.51996,3.95365,4.116494
NR2F2-AS1,lncRNA,0.494581,0.587059,0.662228,3.831261,3.495885,4.148278
NR5A2,TF,8.040752,11.667336,6.429178,15.774064,24.184948,25.921587
NRSN1,protein_coding,0.381935,0.147098,0.484168,1.4741,1.432691,1.770828
NRXN3,protein_coding,0.38701,0.353442,0.386991,3.319226,5.430662,4.600967
NTRK3,protein_coding,1.143812,1.56565,1.279701,26.594861,36.896382,47.941934
NTRK3-AS1,lncRNA,0.02362,0.05831,0.100729,1.675422,1.995789,2.410642
NTS,protein_coding,0.051458,0,0,16.228219,22.54849,23.062753
NUTM1,protein_coding,0.158283,0.12341,0.189833,0.484413,0.438608,0.667807
NYNRIN,protein_coding,0.128479,0.084283,0.19068,0.295441,0.364298,0.502893
OLFM1,protein_coding,11.539069,13.428162,8.899167,4.588729,5.886391,4.288553
OLFM2,protein_coding,3.955927,6.064871,4.489112,8.755418,9.890751,12.606859
OLMALINC,lncRNA,3.228438,3.892245,3.464042,7.914085,8.660037,10.776093
ONECUT1,TF,0.56691,0.582321,0.324646,1.099982,1.660323,1.602312
OR13H1,protein_coding,1.099977,1.531679,1.118004,2.88666,2.586385,5.118892
ORAI3,protein_coding,9.320559,22.830944,17.24397,7.60145,7.734195,10.515419
OSCAR,protein_coding,1.060252,1.255594,0.995845,0.516416,0.39212,0.486478
OTUD7A,protein_coding,1.573417,1.789597,1.193299,0.540452,0.382886,0.56259
OXCT1,protein_coding,0.130106,0.368574,0.242407,1.150109,1.384177,1.302422
P2RX6,protein_coding,1.273947,1.920198,1.87635,0.270771,0.363205,1.077166
P2RY1,protein_coding,0.099606,0.115858,0.128227,0.425798,0.555569,0.785411
P4HA3,protein_coding,10.19914,11.051323,7.4446,17.13593,22.055663,32.932304
PALM3,protein_coding,0.705297,0.754239,0.474909,1.612543,1.729845,1.347215
PAPLN,protein_coding,4.252984,5.265498,5.38747,9.656402,12.645146,16.10846
PARP10,protein_coding,2.172486,3.358545,3.711592,1.210593,2.020411,2.088131
PAX7,TF,0.574708,0.577419,0.296055,0.990566,1.099042,1.170167
PCDH9,protein_coding,7.323571,6.867071,4.947207,12.586258,19.081613,21.574893
PCDHB11,protein_coding,0.409317,0.474981,0.48236,0.059992,0.097983,0.190387
PCDHB13,protein_coding,0.49564,0.326345,0.27858,0.042848,0.114495,0.100463
PCDHB3,protein_coding,0.421186,0.829927,0.69683,0.195977,0.36999,0.384415
PCDHGA10,protein_coding,0.879434,0.775488,1.166812,0.374544,0.530047,0.312579
PCDHGA11,protein_coding,0.578184,1.027407,0.892832,0.16483,0.417394,0.284552
PCDHGA7,protein_coding,1.417488,2.993387,1.457983,1.069428,1.569055,1.357398
PCDHGA9,protein_coding,1.511498,1.675386,1.464546,0.326987,0.886078,1.316383
PCDHGB3,protein_coding,0.965449,1.264503,0.966313,0.615626,0.875527,1.134621
PCDHGB5,protein_coding,6.602485,8.329627,7.023616,2.276158,2.948237,3.158888
PCDHGB7,protein_coding,0.839234,1.231326,1.337261,0.391767,0.435025,0.379187
PCSK5,protein_coding,0.259246,0.24657,0.190258,2.519218,3.750201,3.842439
PDE11A,protein_coding,0.147509,0.1837,0.137311,0.566759,0.82722,1.069562
PDE3A,protein_coding,0.539782,0.434322,0.182741,7.899285,12.539744,15.150607
PDGFC,protein_coding,0.81871,1.136096,1.014838,2.832147,3.001263,2.930064
PDK4,protein_coding,0.467236,0.558759,0.408414,4.004491,7.565505,7.806679
PDZD7,protein_coding,0.849813,1.953968,1.149664,2.026516,1.871959,3.161376
PELI1,protein_coding,0.502034,0.575458,0.432697,1.554853,2.100599,1.877331
PHLDB1,protein_coding,4.982519,5.613615,4.709502,10.687341,13.405935,15.537188
PIEZO2,protein_coding,0.687099,0.603294,0.766298,1.485989,1.595985,2.10876
PIK3C2A,protein_coding,1.777979,2.334546,3.980541,7.946224,16.981081,21.3777
PKDCC,protein_coding,17.099923,17.015003,15.928667,33.76558,41.852543,48.942134
PLEK2,protein_coding,4.691577,5.476177,4.084198,11.019785,11.6234,15.073924
PLPP3,protein_coding,29.897493,32.631537,24.836369,11.799131,17.302194,18.631159
PLS1,protein_coding,10.19545,9.893433,4.505309,13.491244,21.298256,15.752391
PLXNA4,protein_coding,0.15557,0.217854,0.146454,0.073136,0.06831,0.108979
PNMA6A,protein_coding,5.745484,5.10906,4.964736,2.661006,2.662045,2.568381
POF1B,protein_coding,2.791425,3.123372,2.212416,4.302141,6.820253,7.849453
POTEF,protein_coding,0,0,0,0.547344,0.592369,0.731979
PPARGC1A,protein_coding,0,0,0,0.454805,0.738018,0.965244
PPP1R16B,protein_coding,0.177737,0.207054,0.204918,0.370084,0.451039,0.593637
PRDM8,protein_coding,0.374655,0.478406,0.610565,0.064239,0.082598,0.148196
PRKY,protein_coding,2.506728,3.715799,2.943649,0.96532,1.410428,0.842946
PRR15,protein_coding,4.095695,4.733776,2.195166,0.687608,1.582754,1.393083
PRRT1B,protein_coding,5.775176,6.768985,6.964372,2.674347,2.696838,3.734162
PTGES,protein_coding,53.73537,13.599665,50.747947,12.660356,19.05302,14.983656
PTGS2,protein_coding,3.231244,3.299727,1.656119,4.970953,8.396203,9.975416
PTPRD,protein_coding,0.008258,0,0,1.266897,1.681228,2.149237
PUM3,protein_coding,3.295138,13.999699,7.269718,1.510212,2.557985,1.397812
PURPL,lncRNA,1.359036,2.680018,1.051766,0.564809,0.866875,1.196904
PYCARD,protein_coding,2.144204,1.949524,2.746132,18.620714,22.203187,20.266845
RAB6B,protein_coding,0.489579,0.399737,0.511061,1.361208,1.738462,1.541052
RAPGEF5,protein_coding,0.271973,0.343051,0.63987,0.689447,1.115097,1.434128
RASSF10,protein_coding,9.786708,11.855067,9.030379,3.00548,4.360887,4.275282
RASSF9,protein_coding,0.091552,0.062367,0.09603,1.257266,2.176906,2.405343
RBFOX3,protein_coding,11.735343,15.751136,14.105278,3.969364,4.037736,7.40187
REEP1,protein_coding,0.888028,0.483331,0.425447,0.861195,1.632992,1.196201
RERG,protein_coding,0.832211,1.056094,0.540204,1.911333,2.484469,3.321583
RFPL1S,lncRNA,1.259631,0.780038,1.107488,0.222801,0.100794,0.084884
RGS9BP,protein_coding,1.203054,1.423502,1.748173,0.62686,0.846349,0.954517
RHOU,protein_coding,2.002699,2.003287,1.232943,4.996192,6.90057,6.791345
RNF144B,protein_coding,0.496753,0.320353,0.504231,0.265703,0.159941,0.05233
RNF150,protein_coding,0.059965,0.108254,0.034598,0.238244,0.207062,0.3336
ROR2,protein_coding,0.11423,0.870798,0.22222,1.302001,1.065779,1.945777
RPL36A-HNRNPH2,protein_coding,11.402271,14.546364,5.150584,14.93972,43.610539,26.038476
RRAD,protein_coding,1.273692,1.514133,0.825117,0.550535,0.680335,0.377188
RSPH14,protein_coding,1.112223,0.731267,0.80004,1.658683,2.261743,3.014437
RUNX2,TF,3.029756,2.900975,3.325343,1.865118,2.398825,2.087107
S1PR3,protein_coding,61.312611,68.391764,43.023128,25.364939,34.19384,33.519755
SACS,protein_coding,0.790887,0.779193,0.244763,0.527779,1.719993,1.987914
SAMD11,protein_coding,6.477409,9.071883,7.459907,16.768077,13.949182,16.942042
SCARA5,protein_coding,8.403556,8.362744,6.980401,1.983544,2.418733,2.747259
SCN1A-AS1,lncRNA,1.5808,1.662016,1.024308,2.781502,4.108067,3.684133
SCN9A,protein_coding,9.592631,8.491106,5.709945,14.437531,20.4002,25.656978
SDK1,protein_coding,1.976866,1.81115,1.403209,0.747925,1.118532,0.934842
SDK2,protein_coding,2.899755,4.236408,3.23639,1.270419,1.811203,2.634772
SEMA6B,protein_coding,1.280078,0.605982,1.386374,2.919854,5.299824,2.239618
SERPINA3,protein_coding,0.626277,0.533385,0.066242,0.922935,1.309312,1.236568
SERPINB7,protein_coding,0.2682,0.136623,0.147892,0.834327,1.130687,0.744077
SERTAD4,protein_coding,0.605668,0.497793,0.297606,1.066887,1.181542,1.298961
SFMBT2,protein_coding,2.338139,2.459308,1.567525,8.299468,4.6687,4.606708
SH2D5,protein_coding,14.077436,17.242202,17.527759,7.773609,7.183519,8.798477
SH3BGRL2,protein_coding,0.418266,0.488888,0.138182,1.079905,1.320974,1.271057
SH3BP1,protein_coding,1.880881,1.148472,1.283965,3.357702,3.281016,3.605641
SH3RF3,protein_coding,0.851896,0.634769,0.737259,0.165354,0.419869,0.230494
SH3TC2,protein_coding,0.191703,0.284911,0.112817,0.012578,0.081446,0.057889
SHC2,protein_coding,1.234229,1.528186,1.082702,0.295919,0.679954,0.77643
SHC3,protein_coding,1.405702,1.676403,1.243916,0.240971,0.243059,0.311442
SHH,protein_coding,0.531102,0.593348,1.122681,1.371762,2.206955,2.560778
SHROOM2,protein_coding,0.178948,0.144372,0.172658,0.251764,0.457168,0.602053
SLC10A1,protein_coding,0.471556,0.590578,0.570467,1.002214,1.99524,1.920512
SLC12A8,protein_coding,2.707314,3.013935,2.783309,1.409839,1.324689,1.004596
SLC16A7,protein_coding,0.016528,0,0,0.310821,0.696386,0.419477
SLC17A3,protein_coding,0.212405,0.104501,0,1.363135,1.303968,2.136865
SLC19A3,protein_coding,1.752949,2.50446,1.782982,4.682635,5.17441,7.870114
SLC22A31,protein_coding,6.340557,5.150554,6.863859,1.588707,2.89063,4.493539
SLC38A4,protein_coding,0.726405,0.649277,0.846095,0.236293,0.392227,0.3574
SLC44A5,protein_coding,0.294489,0.224247,0.12756,0.496208,0.744587,0.7608
SLC5A11,protein_coding,4.179029,4.936192,5.218609,2.126666,2.520214,3.712423
SLC6A15,protein_coding,0.040293,0,0,1.761254,2.361643,2.321811
SLC7A7,protein_coding,5.815684,8.240646,4.771859,28.339853,37.044505,45.483305
SLC9A3-AS1,lncRNA,14.926679,17.683895,15.71794,5.850839,8.700514,12.150404
SLCO1B3,protein_coding,3.914916,3.835358,1.622339,5.971647,5.066079,8.529151
SLFN11,protein_coding,0.080883,0.026718,0.099451,9.481273,13.402852,17.586072
SLFN13,protein_coding,0.653743,0.576452,0.50593,5.170659,5.894133,8.586488
SLITRK6,protein_coding,1.431472,1.370642,0.552913,0.342099,0.516343,0.594895
SLPI,protein_coding,1.159926,0.862486,0.623174,2.334215,2.71436,2.72707
SMIM10,protein_coding,1.221503,1.269945,0.94856,0,0,0
SNHG16,lncRNA,55.888602,29.637159,25.648371,64.649302,92.878226,91.581111
SNHG25,lncRNA,9.716771,15.372153,13.534515,26.37039,25.188577,31.380463
SNTB1,protein_coding,0.262141,0.098682,0.089279,0.455629,0.470972,0.518475
SOCS6,protein_coding,11.282878,2.405181,3.006287,2.124935,2.298515,2.503607
SOX2,TF,1.061442,0.910097,0.677995,0.394163,0.598222,0.203141
SOX21,TF,3.766815,4.948567,4.286035,0.498791,0.561957,0.187873
SOX21-AS1,lncRNA,2.663335,2.665062,2.453189,0.3651,0.416706,0.549219
SOX7,TF,0.924408,1.440711,1.316309,0.556481,0.648386,0.393859
SP9,TF,8.89464,6.024289,5.80811,2.121172,4.396271,3.665581
SPARC,protein_coding,1.106747,1.41702,1.134191,3.45375,4.066106,4.433323
SPDYE17,protein_coding,1.176497,1.059795,1.126391,6.266041,1.222363,7.771827
ST6GALNAC3,protein_coding,0.019741,0.044876,0.020698,0.207902,0.289661,0.259453
STAG3,protein_coding,1.376467,0.285291,0.252099,0.113817,0.117697,0.435885
STC2,protein_coding,25.280859,26.531645,23.453443,8.970323,12.042095,10.551271
STMN3,protein_coding,28.289616,27.759406,26.598302,4.80916,7.5723,7.04919
STX11,protein_coding,0.310266,0.366133,0.225946,0.436363,0.871772,0.883025
SULT2B1,protein_coding,16.428866,19.053497,13.056095,37.761481,44.484022,49.760174
SVEP1,protein_coding,0.826019,1.126905,0.725187,2.966306,4.878087,5.125888
SYBU,protein_coding,1.603705,2.246195,1.495575,3.94755,5.547356,5.727085
SYT13,protein_coding,16.531144,18.841303,12.01417,7.15067,9.003282,9.501329
SYT3,protein_coding,0.542232,0.485565,0.660217,0.911037,1.502086,1.843548
TBC1D8-AS1,lncRNA,0.295596,0.341662,0.325937,0.740551,1.013375,0.656393
TC2N,protein_coding,0.662502,0.595546,0.489038,1.220626,1.483461,1.57997
TCEAL3,protein_coding,2.437524,2.084754,2.232271,6.113731,5.239567,4.433813
TENM2,protein_coding,0.103146,0.125383,0.082515,0.318225,0.35527,0.747171
TENM3,protein_coding,1.555626,2.000363,1.743575,6.892749,9.631877,10.024782
TENM3-AS1,lncRNA,0.795394,0.796346,0.995219,4.022945,2.401552,5.463224
TEX15,protein_coding,0,0.086371,0.006229,0.141758,0.263422,0.241429
TEX41,lncRNA,5.553111,4.341435,4.255532,20.647631,29.353934,37.67021
TFAP2A-AS1,lncRNA,0.677112,0.510875,0.611348,1.935489,1.324773,1.88022
TG,protein_coding,0.243568,0.314229,0.307191,0.048794,0.298557,0.132652
THSD4,protein_coding,7.275224,4.762896,6.328082,2.072093,3.187299,3.416615
THSD7A,protein_coding,5.697102,6.320582,4.805201,10.211372,13.720957,16.367891
THY1,protein_coding,1.143725,1.356883,1.251406,1.88284,2.962091,4.089847
TICAM2,protein_coding,0.513155,1.005008,0.520983,1.68503,2.096714,2.224165
TIMP3,protein_coding,0.120685,0.192683,0.052868,0.703593,1.000868,0.763299
TINAGL1,protein_coding,0.314181,0.071869,0.090687,1.061726,1.685439,1.78006
TLE2,protein_coding,1.493658,1.714014,1.546791,2.312788,4.011513,4.318804
TM4SF20,protein_coding,8.399427,8.958258,4.082766,13.589652,19.75338,22.243933
TM4SF4,protein_coding,5.389817,5.546725,3.947932,14.062484,17.387462,21.773754
TMEM130,protein_coding,0.894077,1.591048,0.872235,0.270797,0.346205,0.485108
TMEM154,protein_coding,0.152207,0.259713,0.11361,0.055348,0.11076,0.073941
TMEM169,protein_coding,0.320053,0.437913,0.291202,0.85822,0.861416,0.840372
TMEM178B,protein_coding,0.292141,0.167047,0.299267,1.101387,1.457684,1.536386
TMEM198,protein_coding,1.248746,2.094891,2.231775,0.408901,0.566186,0.708516
TMEM47,protein_coding,0.245566,0.437195,0.120146,1.577954,2.627676,2.637614
TMOD1,protein_coding,1.411637,1.761586,1.040682,0.471133,0.372265,0.705626
TMSB4Y,protein_coding,1.909774,1.772687,1.050369,0.340997,0.127992,0.675278
TMTC2,protein_coding,1.730035,1.234388,1.010016,1.954594,3.24842,3.923612
TNFRSF19,protein_coding,2.435068,2.367728,1.76022,0.915375,1.317274,1.224044
TNFRSF9,protein_coding,1.332267,1.441293,0.940931,0.446841,0.756088,0.703533
TNFSF15,protein_coding,1.84567,2.219625,1.682163,0.949765,1.00071,1.300624
TNFSF9,protein_coding,14.502721,19.79796,13.815527,7.741625,8.948116,9.989917
TNK1,protein_coding,0.754254,1.331043,1.449483,2.975885,3.573346,4.932902
TNS1,protein_coding,0.602719,1.288178,0.351657,3.94274,5.11508,8.702414
TOX,protein_coding,1.595215,1.519283,0.86313,0.184305,0.256664,0.24767
TRIM2,protein_coding,0.157067,0.084814,0.202683,0.429722,1.538339,1.550686
TRIM22,protein_coding,0.875754,0.853315,1.248661,0.103304,0.272855,0.786684
TRIM67,protein_coding,1.185398,1.483079,1.273803,0.630424,0.847826,0.808882
TRO,protein_coding,0.140916,0.352217,0.11359,0.504434,0.8992,1.636166
TRPM2-AS,lncRNA,1.493117,1.890493,1.499232,0.625797,0.506692,1.249054
TRPS1,protein_coding,0,0.02061,0.009803,0.301799,0.530143,0.50459
TSKU,protein_coding,79.981274,66.481255,38.559519,21.75393,28.998541,26.427481
TSPAN7,protein_coding,1.274214,1.293921,0.652171,2.507405,3.507198,3.707046
TUBAL3,protein_coding,0.081482,0.268644,0.054618,0.899206,0.974878,1.511634
TUSC1,protein_coding,9.521637,10.462097,7.557466,3.785362,5.550824,6.234232
TVP23C-CDRT4,protein_coding,0.907377,4.138279,3.81066,1.583915,1.400615,1.164614
TWIST1,TF,2.606328,4.114104,2.293996,0.996241,0.994511,0.918143
UAP1L1,protein_coding,7.871324,10.24825,8.871825,4.446694,5.066581,5.958256
UBA7,protein_coding,1.409368,1.140041,1.279036,0.162072,0.270261,0.450133
UGT1A1,protein_coding,0.386602,0.328226,0.372267,1.301002,1.994411,1.812693
UGT1A6,protein_coding,0.437209,0.577636,0.327919,1.501095,3.233913,3.739506
UGT1A7,protein_coding,1.132678,1.040173,0.890217,5.261962,6.306286,8.110859
UGT1A9,protein_coding,1.070212,0.647987,0.515672,4.489241,4.566508,6.610045
UNC5CL,protein_coding,0.792743,0.616099,0.863641,1.377903,1.607528,2.630668
UPK1B,protein_coding,4.201609,5.032959,4.031444,12.346698,17.937982,19.544178
USH1C,protein_coding,0.117199,0.107438,0.190638,2.291276,1.726059,2.252487
USP44,protein_coding,0.154156,0.097501,0.05091,0.841388,0.54031,0.64724
USP9Y,protein_coding,20.340217,22.516525,14.766829,5.770067,9.109285,10.040584
UTY,protein_coding,15.11423,15.936674,13.033416,4.653004,6.274333,8.711626
VCAN,protein_coding,0.362074,0.144653,0.119695,22.745693,30.580934,37.544118
VEZF1,TF,1.625014,1.469966,1.160514,2.283993,5.050199,3.71998
WNT9A,protein_coding,2.931712,3.893141,3.66941,1.224998,2.041787,2.039013
XYLT1,protein_coding,0.11201,0.298908,0.090011,0.799369,1.067381,1.723505
YTHDF3-AS1,lncRNA,3.899524,3.011438,2.290385,1.071903,1.954365,1.839621
Z99572.1,lncRNA,0.080378,0.080175,0.065844,0.20129,0.137063,0.253921
ZC4H2,protein_coding,0.885687,0.992957,0.522046,1.647654,2.16535,1.955462
ZFHX4,protein_coding,1.8113,1.31548,0.691715,2.76753,4.288128,4.119039
ZFY,TF,7.112251,6.398479,3.219217,1.701785,2.466579,2.579744
ZNF136,TF,2.677222,2.508479,1.979548,0.397538,1.334041,0.609038
ZNF395,protein_coding,2.907422,8.32708,7.850828,11.58311,10.310675,20.954054
ZNF469,protein_coding,10.574536,12.219374,11.865807,4.330463,4.826984,5.282682
ZNF568,protein_coding,1.990638,2.011502,1.669422,0.231906,0.554169,0.45177
ZNF608,protein_coding,0.26337,0.467883,0.196077,0.886558,1.167678,0.693638
ZNF704,TF,1.244229,1.645,1.183657,2.156015,3.158214,2.835424
ZNF711,TF,0.25076,0.32312,0.070995,0.874892,1.140699,1.573966
ZNF790,TF,1.3879,1.080155,0.88754,0.061944,0.036444,0.063707
ZNF790-AS1,lncRNA,3.211437,2.723968,2.672657,0.086226,0.208119,0.298816
ZNF829,protein_coding,0.81299,0.561134,0.63946,0.073708,0.159014,0.318494
ZNF850,protein_coding,3.423905,3.976625,3.997649,1.661084,2.483169,2.122772
ZSCAN29,TF,3.642289,2.93592,5.566942,1.397059,1.083457,2.412503
