Target,ALX1,ARX,ATF3,EHF,ETV1,GLI2,GRHL1,HNF1A,HNF4A,HNF4G,LHX8,LIN28B,LYL1,NR2F1,NR5A2,ONECUT1,PAX7,RUNX2,SOX2,SOX21,SOX7,SP9,TWIST1,VEZF1,ZFX,ZFY,ZNF136,ZNF704,ZNF711,ZNF790,ZSCAN29
ABCC9,8.37,7.03,8.33,9.8,7.82,6.89,0.0,9.12,6.79,9.85,0.0,5.45,9.36,6.72,4.27,8.43,6.06,5.53,8.49,8.11,7.71,0.0,0.0,0.0,0.0,7.65,6.12,3.68,0.0,0.0,4.42
ABCG1,9.81,6.42,8.85,9.94,8.5,8.09,7.84,0.0,6.67,0.0,9.39,0.0,8.23,0.0,7.42,0.0,7.17,4.89,4.48,5.39,5.0,10.17,9.33,0.0,0.0,0.0,7.54,3.04,0.0,10.58,6.76
ABLIM1,9.11,6.04,7.93,0.0,7.35,7.21,8.23,0.0,8.52,11.24,7.92,5.1,0.0,8.34,6.07,10.98,5.95,5.56,9.78,0.0,0.0,8.95,8.98,10.74,0.0,8.8,0.0,4.38,0.0,8.18,0.0
AC004846.1,0.0,0.0,0.0,8.05,7.59,7.68,0.0,0.0,7.96,0.0,0.0,3.73,0.0,9.4,4.67,6.45,0.0,7.29,0.0,0.0,0.0,0.0,9.19,0.0,9.42,8.4,0.0,4.56,0.0,10.58,7.76
AC006460.1,9.15,0.0,7.49,8.58,0.0,7.99,0.0,8.91,0.0,0.0,0.0,4.28,0.0,0.0,0.0,0.0,7.07,0.0,9.95,0.0,4.07,0.0,9.65,0.0,0.0,0.0,10.89,0.0,0.0,0.0,0.0
AC008878.1,0.0,0.0,8.17,0.0,0.0,7.69,0.0,0.0,7.39,0.0,0.0,5.04,8.37,0.0,10.63,0.0,7.13,0.0,0.0,0.0,0.0,8.87,0.0,12.64,0.0,9.14,5.08,0.0,8.43,0.0,6.64
AC009951.4,9.9,8.7,6.92,0.0,0.0,0.0,0.0,0.0,7.35,0.0,0.0,0.0,9.1,7.91,4.9,6.75,6.27,6.47,5.76,6.09,0.0,0.0,0.0,0.0,0.0,8.87,8.02,0.0,8.43,8.98,3.31
AC010643.1,9.53,0.0,0.0,8.76,0.0,7.18,0.0,0.0,5.29,0.0,0.0,3.92,0.0,8.11,8.29,0.0,7.87,9.05,0.0,6.13,0.0,9.57,8.84,12.65,0.0,11.31,0.0,3.62,0.0,0.0,0.0
AC010733.1,9.48,7.48,7.23,0.0,0.0,8.59,7.06,9.37,0.0,0.0,8.5,3.9,8.35,8.47,0.0,0.0,5.31,6.14,0.0,0.0,0.0,8.1,9.79,0.0,0.0,0.0,8.43,0.0,0.0,0.0,5.87
AC010889.1,8.5,8.25,7.48,0.0,0.0,8.05,7.74,8.69,0.0,0.0,8.5,0.0,0.0,7.53,0.0,6.42,6.97,6.02,9.21,6.19,7.19,8.46,0.0,0.0,0.0,0.0,8.67,0.0,0.0,0.0,7.53
AC011921.1,9.7,6.49,7.6,0.0,7.57,7.4,0.0,0.0,0.0,0.0,7.56,5.41,0.0,7.35,0.0,0.0,6.56,0.0,0.0,0.0,3.79,8.33,8.52,12.22,8.19,9.34,0.0,2.55,7.74,0.0,4.5
AC012313.3,0.0,0.0,9.19,8.83,8.37,8.49,6.83,9.95,0.0,0.0,0.0,5.22,0.0,8.81,4.4,0.0,6.34,0.0,0.0,0.0,0.0,10.27,10.03,0.0,8.34,9.39,0.0,3.62,8.66,0.0,8.18
AC015849.5,0.0,5.19,0.0,0.0,8.33,0.0,0.0,0.0,7.12,9.07,7.86,3.83,0.0,7.11,4.23,0.0,6.61,7.96,0.0,0.0,0.0,0.0,0.0,11.33,8.88,8.88,0.0,0.0,0.0,0.0,0.0
AC018865.2,0.0,0.0,7.34,0.0,0.0,8.02,6.85,0.0,6.12,0.0,0.0,4.11,8.52,7.77,7.3,0.0,6.04,7.83,0.0,0.0,4.68,7.87,0.0,0.0,8.89,8.53,8.84,3.1,8.43,8.5,0.0
AC021092.1,0.0,0.0,8.11,7.83,8.49,8.1,7.4,0.0,5.64,0.0,7.56,5.35,0.0,7.75,0.0,0.0,5.57,5.94,0.0,6.42,5.69,0.0,0.0,0.0,0.0,0.0,8.32,4.85,0.0,0.0,3.8
AC025442.1,9.08,6.84,9.66,7.98,8.55,0.0,8.67,8.99,0.0,0.0,7.95,4.77,0.0,7.13,6.6,9.36,7.06,6.02,6.05,6.43,6.06,0.0,0.0,0.0,8.23,9.39,17.73,4.7,0.0,0.0,6.48
AC026329.1,0.0,6.49,7.62,0.0,0.0,0.0,7.34,8.59,8.88,9.86,7.87,0.0,0.0,7.95,10.9,3.96,6.64,0.0,6.39,6.53,7.71,8.5,8.76,9.03,0.0,0.0,6.66,0.0,0.0,0.0,6.86
AC027702.2,0.0,7.72,7.67,0.0,0.0,0.0,7.3,9.91,0.0,0.0,0.0,5.75,0.0,8.38,7.29,7.29,7.17,7.15,4.81,0.0,0.0,0.0,0.0,0.0,8.55,8.64,0.0,3.45,8.27,0.0,6.64
AC067852.5,9.99,7.43,7.47,8.88,7.5,7.29,7.44,0.0,7.41,8.78,0.0,5.84,0.0,0.0,8.48,9.12,5.87,7.17,0.0,6.91,6.74,7.61,0.0,10.47,0.0,6.31,0.0,0.0,0.0,0.0,4.02
AC068491.3,9.15,6.68,8.11,0.0,8.0,5.92,0.0,0.0,5.51,0.0,7.73,5.26,0.0,7.21,8.89,0.0,6.6,0.0,8.57,5.7,5.26,8.91,0.0,11.61,8.73,8.2,0.0,0.0,8.43,10.58,8.14
AC068580.4,0.0,7.79,8.96,8.67,0.0,8.76,7.88,0.0,7.11,8.91,0.0,4.87,8.79,8.08,6.97,0.0,6.4,0.0,0.0,0.0,0.0,9.27,0.0,0.0,8.77,9.39,0.0,5.28,8.43,8.98,3.2
AC073109.1,9.23,6.22,0.0,0.0,0.0,0.0,7.57,10.03,5.98,0.0,0.0,5.26,0.0,9.16,3.67,4.14,6.78,0.0,7.06,0.0,8.65,0.0,0.0,11.41,0.0,11.83,10.72,0.0,0.0,0.0,9.65
AC084117.1,8.87,8.41,7.85,7.5,0.0,9.09,0.0,9.78,5.73,0.0,7.92,5.99,0.0,7.89,9.02,0.0,7.02,0.0,4.25,0.0,5.15,0.0,0.0,0.0,0.0,8.86,7.63,0.0,0.0,7.54,5.13
AC090152.1,0.0,0.0,0.0,7.53,7.22,9.74,8.97,0.0,5.76,0.0,0.0,4.39,0.0,7.59,0.0,3.94,5.72,9.45,9.7,0.0,0.0,8.66,0.0,10.82,0.0,8.79,0.0,4.15,0.0,0.0,6.45
AC090192.1,0.0,6.49,8.46,0.0,0.0,8.19,0.0,0.0,0.0,0.0,7.89,5.63,0.0,6.59,0.0,0.0,7.53,9.23,9.4,0.0,0.0,8.24,10.93,0.0,8.83,9.77,0.0,3.58,0.0,0.0,4.43
AC092171.3,0.0,0.0,0.0,8.26,8.24,0.0,0.0,0.0,9.4,9.42,0.0,6.03,0.0,8.8,7.13,4.83,7.81,7.5,0.0,0.0,0.0,8.3,0.0,10.09,8.99,9.47,0.0,3.95,0.0,7.26,0.0
AC093484.4,0.0,7.1,6.73,0.0,7.55,7.11,7.66,0.0,6.75,9.3,9.03,0.0,0.0,10.56,0.0,0.0,6.68,9.11,0.0,0.0,0.0,8.01,0.0,0.0,8.58,8.23,5.95,0.0,8.43,0.0,0.0
AC096633.1,0.0,6.49,8.84,0.0,7.56,7.06,0.0,9.86,6.4,8.41,0.0,5.25,8.53,8.81,0.0,4.17,5.75,6.96,4.35,0.0,0.0,0.0,0.0,8.89,8.13,6.69,0.0,3.84,0.0,8.92,6.81
AC099786.2,0.0,7.16,7.42,8.13,6.74,10.47,7.26,9.44,6.23,0.0,7.85,5.45,8.26,8.7,7.14,3.59,9.67,0.0,7.05,6.07,0.0,7.97,8.96,0.0,0.0,8.8,0.0,3.7,8.43,0.0,7.38
AC104024.4,0.0,7.67,6.45,0.0,7.35,10.25,0.0,0.0,8.48,10.01,0.0,6.18,0.0,7.15,6.93,0.0,8.1,4.81,8.58,5.59,0.0,8.18,0.0,13.35,8.71,10.08,0.0,4.97,8.43,0.0,7.32
AC104461.1,10.03,7.85,7.71,8.05,7.0,8.03,0.0,0.0,7.88,8.58,7.93,0.0,0.0,7.9,4.23,7.37,8.08,0.0,0.0,0.0,0.0,0.0,0.0,0.0,0.0,6.3,9.17,0.0,0.0,8.2,5.72
AC105052.1,0.0,7.12,0.0,0.0,0.0,7.46,11.1,0.0,0.0,0.0,8.12,4.24,0.0,8.72,8.12,0.0,6.4,0.0,0.0,0.0,0.0,8.73,10.13,9.68,0.0,8.52,0.0,3.55,0.0,0.0,0.0
AC106845.1,10.18,6.49,6.81,9.46,0.0,0.0,0.0,0.0,8.87,9.73,0.0,4.72,0.0,9.5,0.0,9.31,5.74,5.63,5.82,0.0,0.0,9.54,9.49,12.11,0.0,9.66,0.0,3.38,9.05,0.0,0.0
AC108050.1,9.58,7.23,8.74,9.06,7.63,0.0,7.62,0.0,6.57,9.04,7.84,4.43,0.0,8.04,7.23,0.0,7.35,0.0,5.93,7.12,5.97,0.0,9.44,0.0,0.0,7.84,5.32,0.0,8.43,0.0,7.63
AC113208.1,0.0,6.86,5.67,0.0,0.0,7.82,9.26,10.48,6.86,0.0,7.87,5.99,0.0,9.92,7.36,10.34,8.22,7.35,7.06,8.24,5.39,8.55,9.33,8.78,0.0,11.31,0.0,3.55,7.74,0.0,5.73
AC114802.1,10.33,6.49,8.72,9.07,7.95,8.29,0.0,0.0,4.71,0.0,0.0,0.0,0.0,8.04,7.49,0.0,6.79,6.21,7.43,0.0,6.01,7.96,0.0,11.26,0.0,9.25,5.98,0.0,8.43,0.0,0.0
AC115284.4,0.0,0.0,6.52,10.07,8.15,9.09,0.0,0.0,0.0,0.0,0.0,0.0,8.75,8.75,10.28,0.0,5.79,8.94,0.0,0.0,0.0,8.13,0.0,7.99,8.44,8.96,0.0,2.41,8.35,0.0,6.56
AC125807.2,0.0,0.0,7.46,0.0,8.75,7.37,0.0,0.0,6.69,8.94,7.69,4.42,0.0,7.4,7.8,0.0,6.32,6.38,0.0,0.0,0.0,8.3,9.43,12.63,0.0,0.0,0.0,3.75,0.0,9.08,3.97
AC211476.9,9.88,6.49,8.41,0.0,8.11,9.28,0.0,10.2,4.39,0.0,0.0,0.0,8.19,8.45,6.58,0.0,6.6,7.24,8.83,9.21,13.1,9.53,9.01,12.7,0.0,8.17,11.21,0.0,0.0,10.58,0.0
AC233701.1,9.16,10.88,6.29,0.0,0.0,9.77,6.51,0.0,7.44,0.0,0.0,7.42,0.0,8.45,5.22,4.04,6.54,0.0,8.22,7.98,6.31,8.63,0.0,0.0,8.26,9.3,0.0,4.72,0.0,8.34,0.0
AC244197.3,0.0,6.49,5.74,7.51,8.26,8.18,7.68,0.0,6.18,8.56,0.0,5.03,8.49,6.81,5.88,0.0,7.06,6.51,9.91,0.0,0.0,9.04,0.0,12.62,8.06,8.15,0.0,5.38,8.43,8.6,4.1
ACKR3,0.0,0.0,7.55,0.0,0.0,8.32,0.0,8.61,8.06,8.7,8.48,5.33,0.0,9.99,0.0,0.0,6.99,4.0,0.0,0.0,0.0,8.56,0.0,11.54,8.62,8.98,8.78,5.54,8.43,0.0,0.0
ADAM22,0.0,6.49,7.08,7.61,8.09,8.26,7.43,9.48,0.0,0.0,0.0,4.96,0.0,9.13,5.06,0.0,6.38,8.98,9.91,4.84,4.8,8.09,8.68,9.93,0.0,0.0,7.36,5.89,0.0,0.0,6.69
ADAMTS9,0.0,6.2,8.09,8.55,8.42,7.23,0.0,10.07,7.21,8.81,8.04,5.11,0.0,8.46,4.55,6.83,7.43,6.66,0.0,0.0,0.0,8.36,0.0,11.99,0.0,9.87,0.0,4.17,0.0,8.98,6.53
ADARB1,0.0,0.0,6.87,0.0,7.09,8.3,9.05,0.0,5.13,0.0,0.0,6.23,8.26,7.21,4.21,0.0,6.0,7.62,0.0,0.0,0.0,8.8,11.11,11.26,8.11,9.32,7.47,4.54,0.0,0.0,5.43
ADGRL2,0.0,7.02,0.0,0.0,0.0,0.0,7.72,10.09,5.95,0.0,7.92,0.0,8.37,0.0,0.0,8.44,7.11,0.0,5.12,0.0,6.84,0.0,0.0,0.0,0.0,0.0,5.47,0.0,0.0,0.0,6.39
ADRB2,9.76,6.49,8.04,0.0,7.56,0.0,6.31,10.02,6.21,0.0,0.0,5.41,0.0,9.39,5.81,0.0,7.93,7.73,7.62,6.33,6.07,8.29,8.71,12.83,0.0,0.0,7.46,3.95,0.0,0.0,6.55
AF131216.4,0.0,6.49,6.22,9.45,8.08,8.63,0.0,9.82,6.49,0.0,0.0,4.98,8.7,8.06,0.0,10.1,5.98,0.0,0.0,9.45,8.45,8.43,0.0,0.0,8.94,9.41,0.0,4.72,8.51,10.58,6.68
AFF1,0.0,5.87,8.55,0.0,7.47,6.57,0.0,9.4,0.0,0.0,0.0,5.68,0.0,9.13,6.1,8.2,6.21,6.28,6.08,6.87,7.91,9.26,9.7,12.78,9.12,9.84,0.0,4.8,0.0,8.34,0.0
AL022238.4,0.0,0.0,8.83,8.92,7.98,7.59,6.98,0.0,8.15,0.0,0.0,4.4,8.56,0.0,0.0,0.0,6.64,7.96,0.0,0.0,0.0,8.52,0.0,9.24,0.0,8.21,0.0,3.47,0.0,7.54,0.0
AL022328.4,0.0,5.19,7.29,7.36,7.82,8.31,0.0,0.0,6.27,0.0,0.0,7.09,8.66,10.06,6.23,0.0,7.33,8.95,0.0,0.0,0.0,8.45,0.0,9.55,8.85,9.79,0.0,4.89,8.43,8.98,5.41
AL109615.3,0.0,7.29,7.62,0.0,8.24,7.08,7.15,0.0,5.91,0.0,8.44,5.49,8.73,7.72,5.36,9.41,6.92,0.0,0.0,0.0,0.0,8.15,9.57,13.18,0.0,9.26,6.38,3.41,9.05,0.0,3.83
AL157935.2,0.0,0.0,7.28,0.0,0.0,7.09,0.0,0.0,5.95,0.0,0.0,6.29,9.37,8.46,3.41,0.0,6.96,5.46,0.0,0.0,0.0,8.92,0.0,8.13,0.0,7.5,0.0,0.0,0.0,0.0,7.23
AL160159.1,9.27,6.91,8.77,9.82,7.19,0.0,7.48,9.1,6.42,8.43,7.89,0.0,0.0,7.46,0.0,0.0,7.06,0.0,7.8,9.87,9.61,0.0,0.0,0.0,9.33,9.29,5.07,0.0,8.43,0.0,0.0
AL160254.1,9.53,6.84,8.23,0.0,0.0,8.09,0.0,9.98,8.37,0.0,0.0,0.0,0.0,0.0,5.29,8.97,7.72,9.53,6.47,7.96,8.48,0.0,10.09,0.0,0.0,8.35,0.0,3.08,0.0,0.0,9.92
AL353150.1,9.37,7.94,7.1,0.0,6.72,7.13,8.72,0.0,8.86,0.0,8.31,0.0,0.0,0.0,0.0,9.08,5.97,7.91,7.23,9.69,8.31,0.0,0.0,0.0,0.0,9.25,7.28,0.0,9.05,7.54,3.92
AL354740.1,9.05,6.22,8.85,9.07,0.0,8.17,0.0,0.0,7.12,0.0,0.0,4.87,8.5,7.93,0.0,0.0,5.42,6.57,0.0,0.0,0.0,9.39,0.0,0.0,9.14,9.81,0.0,4.07,8.43,9.14,0.0
AL355075.4,0.0,6.06,8.38,0.0,7.88,8.32,7.66,0.0,4.65,0.0,0.0,4.47,0.0,8.79,6.25,0.0,6.58,0.0,10.16,0.0,0.0,8.4,0.0,8.95,9.14,10.06,7.22,3.38,0.0,8.34,0.0
AL356124.1,9.14,6.56,0.0,0.0,0.0,0.0,8.72,9.58,0.0,0.0,7.72,4.23,0.0,0.0,0.0,0.0,0.0,5.74,5.55,6.8,7.74,0.0,0.0,8.79,0.0,0.0,10.31,0.0,0.0,10.58,6.72
AL359962.3,0.0,6.49,0.0,0.0,7.6,0.0,0.0,9.28,5.16,0.0,0.0,4.95,9.19,0.0,0.0,5.12,5.8,9.0,0.0,0.0,0.0,8.88,10.58,12.78,8.93,9.78,0.0,4.05,8.43,7.54,0.0
AL390726.5,0.0,0.0,7.67,8.31,0.0,8.65,8.09,9.69,8.7,9.38,0.0,4.69,8.41,9.12,11.23,0.0,5.14,4.17,9.34,0.0,0.0,0.0,0.0,8.34,0.0,0.0,10.38,0.0,0.0,0.0,3.58
AL391832.2,9.35,8.05,7.42,9.25,7.84,8.07,0.0,10.91,0.0,0.0,0.0,0.0,0.0,6.53,5.23,0.0,5.11,0.0,9.05,5.57,0.0,0.0,0.0,12.11,8.06,7.89,6.95,3.67,8.43,0.0,3.21
AL512625.3,0.0,6.49,7.23,8.14,8.1,7.51,0.0,9.04,9.24,9.07,6.73,4.72,8.32,7.57,3.58,0.0,7.2,6.83,7.39,0.0,4.89,8.5,0.0,11.74,8.97,9.76,10.01,3.79,8.39,7.54,0.0
AL590560.3,0.0,6.49,8.35,0.0,7.76,8.03,7.45,0.0,0.0,0.0,7.89,5.27,0.0,9.54,8.93,0.0,0.0,0.0,8.05,7.3,5.71,9.74,0.0,12.03,8.95,9.16,0.0,5.26,8.74,0.0,0.0
ALOX12P2,0.0,6.5,8.18,8.78,7.15,7.44,0.0,0.0,5.81,0.0,8.44,0.0,8.79,9.4,6.29,0.0,6.87,9.53,6.24,0.0,0.0,8.96,10.1,0.0,0.0,9.18,7.92,0.0,0.0,0.0,0.0
AMBP,0.0,6.49,8.01,9.31,7.73,8.52,0.0,0.0,5.37,0.0,0.0,6.88,8.79,7.62,7.48,8.03,7.21,8.41,0.0,8.36,10.44,8.6,8.7,13.1,0.0,0.0,7.7,4.26,0.0,7.54,6.57
ANK3,9.69,6.26,7.64,0.0,0.0,0.0,0.0,0.0,6.9,0.0,8.4,0.0,8.41,7.5,7.07,3.97,6.22,0.0,7.52,0.0,0.0,8.12,0.0,11.3,0.0,10.07,0.0,3.93,0.0,8.94,0.0
ANKRD30A,10.49,6.49,6.29,0.0,8.11,6.25,0.0,9.88,6.47,0.0,0.0,5.36,8.35,9.47,8.4,0.0,7.23,0.0,0.0,0.0,0.0,9.54,10.65,10.81,8.06,8.82,7.44,0.0,9.05,8.98,6.87
ANKS4B,10.42,6.86,0.0,0.0,7.36,0.0,0.0,9.74,8.49,8.67,8.43,5.29,0.0,7.5,7.21,9.08,6.45,8.8,8.33,8.17,6.67,0.0,9.85,0.0,0.0,0.0,8.32,0.0,0.0,9.14,8.79
ANO1,0.0,0.0,6.29,8.99,7.68,7.49,0.0,0.0,6.92,8.92,0.0,0.0,0.0,9.95,8.02,5.11,6.25,7.34,0.0,8.27,5.96,8.94,0.0,9.15,9.01,9.3,0.0,5.15,8.2,7.26,0.0
ANPEP,0.0,7.56,0.0,10.08,7.8,7.8,8.58,10.3,7.7,9.2,0.0,5.7,0.0,7.23,6.39,9.67,0.0,7.25,0.0,0.0,0.0,8.82,10.25,9.11,10.21,10.42,0.0,4.15,0.0,8.98,7.04
ANXA6,0.0,6.49,7.62,9.47,7.73,6.46,6.34,0.0,7.28,8.85,6.97,3.98,9.01,7.99,7.8,0.0,6.62,7.19,6.51,0.0,0.0,8.14,8.79,11.69,8.64,9.46,0.0,3.02,8.53,0.0,4.98
AP001350.2,0.0,7.29,8.11,0.0,0.0,6.96,7.19,9.19,0.0,0.0,9.6,3.81,0.0,8.24,3.43,6.05,7.44,0.0,6.47,5.21,6.32,8.71,0.0,9.29,8.48,8.48,9.37,0.0,7.74,0.0,8.8
AP003721.1,10.19,6.78,7.42,0.0,6.84,0.0,0.0,0.0,0.0,0.0,7.71,5.54,0.0,8.63,6.67,5.11,7.69,0.0,9.78,0.0,0.0,8.91,0.0,12.8,0.0,6.31,8.83,4.79,0.0,7.4,0.0
AP005212.2,9.78,6.49,8.2,0.0,0.0,8.58,0.0,0.0,0.0,0.0,0.0,4.46,0.0,0.0,4.88,0.0,6.82,7.99,6.04,8.05,7.2,0.0,10.57,0.0,9.14,8.73,9.08,0.0,8.43,0.0,6.28
APBB1IP,0.0,7.93,7.03,0.0,8.49,0.0,7.49,10.87,6.78,0.0,8.15,7.86,8.53,8.23,6.03,0.0,6.2,0.0,6.94,8.11,9.18,8.26,9.67,12.4,8.89,8.39,0.0,6.19,0.0,10.58,0.0
APOH,9.86,7.15,6.53,8.0,8.66,0.0,8.0,9.0,8.24,8.62,0.0,5.0,0.0,6.17,0.0,4.05,6.95,7.5,0.0,7.85,0.0,0.0,8.96,0.0,0.0,10.8,0.0,0.0,0.0,9.14,0.0
ARHGAP25,0.0,6.1,0.0,0.0,0.0,0.0,7.22,0.0,7.79,10.07,6.97,0.0,8.62,9.81,0.0,9.0,9.27,8.4,0.0,4.68,0.0,8.22,0.0,0.0,8.3,8.05,11.82,3.68,8.09,0.0,0.0
ASB4,0.0,7.41,8.34,9.46,7.58,0.0,0.0,9.56,10.35,11.53,8.87,5.95,0.0,0.0,0.0,7.83,8.48,8.24,0.0,0.0,0.0,0.0,0.0,0.0,0.0,7.28,0.0,0.0,9.05,0.0,5.64
ASIC2,0.0,6.49,7.45,9.62,0.0,0.0,7.65,9.41,5.47,0.0,7.92,0.0,0.0,9.01,8.92,7.18,6.3,6.23,4.72,0.0,6.57,8.53,0.0,0.0,8.23,8.23,0.0,0.0,0.0,9.14,0.0
ASMTL-AS1,11.08,0.0,8.09,0.0,0.0,8.58,7.14,0.0,6.58,0.0,0.0,5.11,8.93,0.0,3.02,0.0,6.46,7.9,0.0,0.0,0.0,9.0,8.93,10.89,8.67,7.46,0.0,5.82,9.05,7.54,0.0
BAAT,9.41,6.63,8.1,0.0,0.0,0.0,0.0,10.07,5.86,0.0,8.13,0.0,0.0,7.98,4.06,0.0,7.67,0.0,8.92,0.0,6.29,8.19,0.0,11.55,0.0,7.76,8.92,0.0,0.0,0.0,0.0
BCORP1,0.0,0.0,8.78,0.0,7.18,0.0,7.59,8.79,6.74,8.83,7.89,7.04,0.0,0.0,9.22,5.62,7.39,9.16,8.65,0.0,0.0,0.0,8.82,12.12,0.0,10.2,9.17,4.39,0.0,0.0,5.97
BIRC5,0.0,8.61,0.0,0.0,0.0,6.5,0.0,0.0,5.7,0.0,8.5,4.13,8.2,10.46,3.55,0.0,6.1,6.51,0.0,0.0,7.63,8.98,9.33,11.99,8.55,9.09,0.0,3.75,8.54,9.06,0.0
BLID,0.0,6.33,9.34,0.0,0.0,5.62,0.0,0.0,6.56,8.82,8.35,0.0,0.0,8.24,8.85,0.0,6.38,0.0,7.05,6.76,7.44,0.0,10.06,13.55,0.0,0.0,6.69,0.0,0.0,8.98,0.0
BOC,0.0,0.0,8.61,9.24,0.0,6.44,0.0,10.24,7.7,9.9,0.0,4.95,0.0,7.99,0.0,0.0,6.24,5.11,6.56,6.31,0.0,8.56,0.0,12.49,8.86,10.55,6.93,4.47,0.0,0.0,3.89
BOD1P1,9.33,7.81,7.83,0.0,8.03,0.0,0.0,0.0,7.55,0.0,8.5,0.0,9.88,7.62,6.33,0.0,8.35,7.6,7.15,5.91,5.49,0.0,0.0,8.92,0.0,6.36,7.87,2.36,0.0,9.14,6.79
BTBD19,0.0,0.0,8.77,7.98,8.62,8.3,7.38,0.0,8.43,10.66,0.0,4.5,0.0,8.16,5.2,0.0,6.67,0.0,0.0,0.0,0.0,7.83,0.0,11.26,8.89,8.84,9.76,3.44,8.64,8.98,4.24
C10orf90,9.4,6.49,6.45,10.03,0.0,0.0,0.0,0.0,6.61,0.0,0.0,5.49,0.0,7.93,8.72,5.43,6.85,6.4,0.0,0.0,0.0,0.0,9.55,8.13,8.65,9.18,0.0,0.0,8.43,8.98,6.77
C11orf86,0.0,0.0,7.82,7.08,0.0,8.42,0.0,0.0,8.37,8.43,0.0,4.51,0.0,10.01,10.84,0.0,7.18,4.18,0.0,0.0,0.0,8.43,0.0,13.36,8.8,8.65,10.95,2.9,8.43,0.0,0.0
C1QL4,0.0,0.0,7.28,9.57,0.0,7.19,0.0,0.0,8.06,9.31,8.28,4.68,9.17,8.63,0.0,4.16,6.77,4.49,0.0,5.44,0.0,9.05,0.0,11.63,8.55,8.45,0.0,3.73,0.0,8.66,0.0
C1R,0.0,6.49,7.52,0.0,7.94,7.11,0.0,8.68,7.48,10.4,0.0,5.56,0.0,0.0,0.0,0.0,6.64,6.7,11.44,11.63,14.54,7.66,9.62,9.77,0.0,9.78,0.0,2.36,0.0,0.0,0.0
C1S,0.0,8.18,8.32,0.0,6.71,7.41,0.0,0.0,6.61,8.5,0.0,0.0,0.0,7.63,6.44,0.0,6.78,9.24,0.0,6.12,7.31,8.49,9.7,0.0,8.8,9.25,8.25,4.79,8.09,0.0,5.05
C6orf132,0.0,0.0,5.71,9.2,7.47,0.0,7.67,0.0,6.06,0.0,0.0,4.04,8.15,9.52,8.42,0.0,6.04,5.25,8.46,0.0,0.0,8.59,0.0,9.06,9.22,9.53,0.0,3.56,8.43,0.0,0.0
C6orf223,0.0,6.94,7.74,0.0,8.32,7.33,7.49,0.0,5.85,9.0,0.0,5.44,8.25,7.58,6.25,0.0,6.93,0.0,0.0,7.23,7.86,8.34,0.0,11.59,0.0,8.8,0.0,0.0,0.0,0.0,0.0
C9orf50,0.0,6.53,7.11,0.0,8.33,7.21,0.0,0.0,8.35,0.0,6.73,5.9,8.25,8.31,4.42,4.17,4.93,6.97,0.0,0.0,0.0,8.38,10.34,8.57,8.7,9.13,0.0,4.99,8.2,0.0,0.0
CA13,9.74,7.89,7.61,8.9,6.93,8.08,7.2,0.0,6.76,8.95,8.16,4.78,0.0,6.91,0.0,0.0,7.37,0.0,6.2,7.99,9.56,8.25,9.43,0.0,8.14,8.28,0.0,2.96,0.0,0.0,0.0
CA9,0.0,6.49,7.89,9.12,6.98,7.38,0.0,0.0,7.72,9.31,7.68,4.07,8.26,10.51,5.5,0.0,5.94,0.0,6.95,0.0,0.0,0.0,0.0,0.0,9.33,9.25,0.0,0.0,8.43,0.0,0.0
CACNG6,0.0,0.0,7.17,9.42,7.81,0.0,9.3,0.0,10.0,12.78,0.0,5.61,8.67,8.93,5.42,0.0,5.89,10.34,0.0,0.0,0.0,8.3,0.0,11.32,9.23,9.71,0.0,4.68,8.43,9.14,2.99
CAMK2A,0.0,0.0,8.46,0.0,7.91,7.32,10.56,0.0,7.21,8.94,0.0,0.0,9.0,7.57,3.82,0.0,7.42,0.0,0.0,0.0,0.0,9.53,0.0,11.57,0.0,6.39,0.0,2.26,0.0,7.54,6.47
CAMKK2,0.0,0.0,9.11,0.0,0.0,8.31,0.0,0.0,7.41,10.01,0.0,4.69,0.0,8.42,0.0,0.0,6.99,5.79,10.16,0.0,7.84,8.37,9.13,8.73,9.52,9.01,0.0,5.08,8.25,7.4,6.45
CASC19,11.84,6.49,7.24,0.0,0.0,0.0,0.0,9.26,7.32,9.81,7.97,0.0,0.0,7.37,4.67,7.3,7.27,8.01,6.71,5.92,7.08,0.0,9.36,0.0,0.0,0.0,0.0,0.0,7.74,0.0,0.0
CCDC148,0.0,6.49,8.3,9.6,0.0,8.45,8.32,0.0,8.73,10.0,0.0,5.26,0.0,11.49,5.35,0.0,8.51,7.74,0.0,9.21,9.7,8.67,9.77,11.49,0.0,8.78,0.0,4.65,0.0,0.0,5.7
CCL2,0.0,0.0,8.17,9.43,0.0,6.74,0.0,10.46,8.54,0.0,7.69,0.0,8.91,9.72,5.4,7.93,6.07,9.56,6.93,7.79,3.85,0.0,8.6,11.27,0.0,6.3,6.88,0.0,0.0,8.98,5.63
CCL20,10.42,7.02,8.33,8.89,8.47,0.0,0.0,8.56,6.42,0.0,11.24,0.0,0.0,5.72,8.05,0.0,7.73,9.32,0.0,0.0,8.48,0.0,0.0,0.0,0.0,8.35,12.28,3.22,7.74,0.0,0.0
CCN4,0.0,0.0,7.15,0.0,0.0,6.68,0.0,0.0,7.93,9.83,6.73,0.0,0.0,8.92,0.0,6.04,6.79,8.32,0.0,0.0,0.0,8.01,10.93,13.12,0.0,0.0,5.36,5.07,0.0,9.14,0.0
CD22,0.0,10.35,8.22,9.83,7.96,7.3,0.0,0.0,6.93,10.32,0.0,0.0,8.28,9.23,5.79,0.0,4.85,0.0,7.89,8.17,8.43,0.0,0.0,11.63,0.0,7.38,0.0,3.36,0.0,9.14,8.57
CD24,0.0,0.0,8.19,8.74,0.0,7.34,6.43,8.71,0.0,0.0,7.98,5.49,0.0,8.36,6.84,0.0,8.28,6.89,9.81,0.0,0.0,8.76,9.47,9.27,0.0,9.57,8.53,4.24,0.0,0.0,0.0
CD274,0.0,5.29,6.96,0.0,7.38,7.96,8.23,9.02,7.7,8.79,0.0,7.53,8.31,8.0,5.63,0.0,6.73,6.81,7.89,7.56,7.25,9.79,8.92,11.48,8.93,7.64,0.0,3.2,0.0,0.0,0.0
CD38,0.0,0.0,7.36,8.05,8.01,7.61,0.0,9.73,8.99,8.61,7.92,0.0,0.0,7.45,6.96,9.12,4.94,7.41,5.21,7.46,5.26,8.28,8.5,9.65,9.93,9.25,0.0,3.83,8.35,9.25,4.77
CD82,0.0,6.49,7.99,9.11,0.0,8.5,0.0,0.0,5.48,0.0,0.0,0.0,8.7,7.58,0.0,7.25,6.64,0.0,9.5,9.61,5.71,10.04,9.6,10.37,9.73,10.71,0.0,4.32,0.0,0.0,0.0
CDH1,9.27,6.49,7.79,0.0,6.84,7.54,0.0,0.0,0.0,0.0,0.0,5.22,0.0,7.74,4.71,0.0,7.52,6.83,9.11,0.0,0.0,8.72,0.0,9.41,0.0,8.71,5.05,4.48,8.43,0.0,8.61
CDH19,9.51,6.82,7.71,0.0,6.73,0.0,0.0,0.0,6.75,0.0,7.76,0.0,0.0,10.52,0.0,10.23,8.35,7.25,6.58,6.76,6.82,0.0,9.67,0.0,0.0,0.0,8.78,0.0,0.0,0.0,4.84
CDKN1A,0.0,6.49,9.68,0.0,8.31,0.0,0.0,0.0,5.77,0.0,0.0,4.33,0.0,7.2,6.38,0.0,7.26,0.0,6.2,6.61,7.53,0.0,0.0,0.0,0.0,8.61,9.71,3.28,0.0,0.0,5.18
CDY4P,0.0,6.59,7.53,7.84,7.73,6.02,9.32,0.0,0.0,0.0,8.16,4.62,0.0,0.0,8.13,7.95,5.58,6.61,7.86,8.31,5.95,0.0,0.0,0.0,0.0,8.58,6.87,0.0,0.0,0.0,0.0
CDY5P,9.79,6.22,0.0,0.0,8.31,5.97,0.0,9.04,9.46,0.0,8.0,0.0,8.54,11.02,5.2,0.0,5.93,8.6,7.52,6.98,7.6,9.54,0.0,8.25,0.0,9.47,11.63,0.0,9.05,0.0,0.0
CDY9P,9.79,6.3,0.0,0.0,8.31,5.97,0.0,9.04,9.46,0.0,8.0,0.0,8.54,11.02,5.2,0.0,5.93,8.6,7.52,6.98,7.6,9.54,0.0,8.25,0.0,9.47,11.63,0.0,9.05,0.0,0.0
CEACAM6,0.0,6.49,7.38,0.0,0.0,0.0,0.0,0.0,7.55,9.16,7.91,0.0,0.0,7.26,5.09,0.0,7.07,7.01,6.63,8.37,8.04,8.23,0.0,9.76,8.06,7.48,0.0,0.0,8.43,9.14,0.0
CEP170B,0.0,0.0,7.42,0.0,7.68,8.14,0.0,0.0,7.8,8.55,0.0,4.98,0.0,8.45,0.0,0.0,6.57,9.1,0.0,0.0,0.0,8.97,0.0,10.57,9.16,9.37,0.0,4.99,8.74,0.0,0.0
CEP295,0.0,7.56,7.69,7.75,7.25,7.23,0.0,9.98,6.96,0.0,7.69,4.77,0.0,8.05,4.55,5.48,7.83,7.5,6.54,7.2,0.0,0.0,10.06,9.58,10.21,8.41,4.11,5.16,0.0,8.98,0.0
CES1,0.0,6.89,7.11,9.31,7.63,9.0,7.61,9.09,6.55,0.0,8.5,5.86,0.0,6.51,6.92,7.18,7.06,5.77,8.72,0.0,0.0,11.04,0.0,8.34,10.02,8.74,0.0,3.28,0.0,7.26,6.94
CES1P1,0.0,5.69,6.6,9.31,7.72,6.41,7.66,9.63,7.94,9.5,0.0,6.75,0.0,6.51,10.2,0.0,6.62,7.37,8.72,0.0,0.0,12.01,0.0,11.82,0.0,7.36,0.0,3.38,0.0,0.0,6.92
CES3,0.0,0.0,6.69,9.12,7.87,0.0,7.38,0.0,7.3,8.56,0.0,0.0,0.0,6.86,9.09,0.0,6.31,5.94,9.46,0.0,0.0,0.0,9.41,13.1,8.95,8.66,0.0,3.45,8.43,0.0,3.28
CFH,9.15,7.17,7.03,8.62,7.57,6.65,7.25,0.0,8.49,0.0,7.78,0.0,0.0,0.0,7.56,6.83,8.04,8.63,6.48,9.13,7.37,8.93,9.02,8.97,0.0,0.0,8.37,0.0,0.0,0.0,0.0
CGN,0.0,6.3,8.88,8.34,7.72,7.44,7.18,0.0,8.07,9.27,0.0,0.0,0.0,0.0,8.37,5.23,7.24,9.72,0.0,0.0,0.0,9.02,9.89,13.34,8.93,10.52,5.26,4.26,0.0,8.98,6.94
CHAC1,0.0,0.0,7.14,7.91,7.15,0.0,0.0,9.34,7.82,9.69,0.0,7.0,8.57,10.28,0.0,4.11,6.15,6.82,7.3,6.08,0.0,10.58,0.0,8.04,9.14,9.4,0.0,4.31,0.0,8.98,6.98
CHST6,0.0,0.0,6.56,7.98,7.83,6.24,0.0,0.0,7.2,9.7,0.0,0.0,0.0,8.43,8.17,0.0,5.82,9.64,9.95,0.0,0.0,8.11,0.0,0.0,8.57,8.84,10.81,7.4,8.43,8.98,0.0
CIDEC,9.05,6.49,8.89,0.0,0.0,6.99,0.0,0.0,8.3,10.48,0.0,0.0,0.0,8.69,6.09,0.0,6.03,8.79,7.25,8.04,8.18,9.54,0.0,0.0,9.61,9.81,0.0,2.43,0.0,0.0,0.0
CNOT6L,0.0,8.61,0.0,9.66,8.39,8.15,0.0,0.0,0.0,0.0,8.5,5.23,0.0,9.62,7.99,0.0,7.36,6.55,0.0,8.77,5.25,9.8,0.0,11.42,8.33,9.19,0.0,5.03,0.0,0.0,4.1
CNRIP1,0.0,8.09,7.43,0.0,7.89,7.75,7.67,0.0,0.0,8.62,9.54,5.51,0.0,8.88,5.75,6.96,8.17,7.47,0.0,0.0,0.0,8.54,10.76,11.26,8.73,8.09,0.0,3.53,0.0,8.18,3.91
COL11A1,9.27,8.05,6.22,0.0,0.0,7.55,0.0,0.0,4.75,0.0,7.3,5.43,8.28,7.76,0.0,0.0,6.6,6.69,5.98,7.79,0.0,8.93,9.98,11.37,8.95,9.46,9.47,5.9,0.0,0.0,3.3
COL12A1,0.0,6.49,7.2,0.0,6.76,8.15,0.0,0.0,8.29,8.58,0.0,6.21,0.0,6.57,5.83,0.0,6.42,6.12,9.12,0.0,0.0,9.03,0.0,12.36,0.0,8.4,0.0,4.42,0.0,7.93,3.69
COL18A1-AS1,0.0,0.0,7.32,0.0,8.04,8.14,8.44,10.25,8.27,9.46,0.0,5.1,0.0,8.4,8.81,0.0,7.05,0.0,0.0,0.0,0.0,9.29,8.97,13.94,8.95,8.46,0.0,3.46,0.0,0.0,0.0
COL1A1,0.0,0.0,7.44,0.0,0.0,7.39,0.0,0.0,7.14,0.0,0.0,4.38,8.48,9.0,5.97,0.0,6.95,6.61,0.0,0.0,0.0,8.85,0.0,12.8,0.0,9.25,0.0,4.84,8.43,0.0,6.7
COL20A1,0.0,0.0,7.47,0.0,8.71,7.37,0.0,0.0,6.59,0.0,0.0,4.69,8.74,7.32,5.7,0.0,5.26,6.71,6.71,8.95,0.0,8.33,0.0,12.03,8.67,9.26,0.0,5.28,8.38,8.02,0.0
COL4A5,0.0,6.99,7.88,0.0,0.0,0.0,0.0,0.0,5.2,0.0,7.99,0.0,0.0,6.72,5.2,8.14,6.03,0.0,8.53,0.0,7.4,9.63,9.95,10.35,0.0,0.0,0.0,3.53,0.0,0.0,0.0
COL4A6,0.0,7.05,0.0,0.0,0.0,0.0,0.0,0.0,5.2,0.0,7.99,0.0,0.0,6.72,5.2,8.14,5.48,0.0,8.53,0.0,7.4,9.63,0.0,10.35,8.83,8.83,0.0,3.53,0.0,0.0,0.0
CORO2A,0.0,0.0,7.74,8.93,8.22,7.71,7.67,0.0,6.37,0.0,0.0,4.75,0.0,10.99,7.05,0.0,7.37,6.44,0.0,0.0,0.0,9.06,0.0,8.63,8.93,9.16,0.0,4.75,8.43,0.0,6.07
CP,9.46,6.76,0.0,0.0,7.52,7.16,7.79,10.72,0.0,0.0,0.0,0.0,0.0,0.0,5.35,9.91,7.22,7.18,6.49,8.18,6.78,0.0,9.07,0.0,0.0,0.0,6.75,0.0,0.0,0.0,6.02
CPE,9.69,6.91,7.45,0.0,8.01,0.0,7.72,9.7,5.9,0.0,0.0,4.07,0.0,9.16,5.28,0.0,9.93,9.88,7.78,7.31,8.24,0.0,9.64,11.58,0.0,0.0,4.76,0.0,0.0,0.0,5.68
CPS1,8.47,7.89,7.15,0.0,8.65,0.0,0.0,9.29,4.86,0.0,0.0,6.73,0.0,8.68,4.87,4.62,6.6,6.72,9.12,9.13,10.17,8.71,9.36,13.15,0.0,7.29,6.74,2.5,0.0,0.0,4.88
CPS1-IT1,8.82,6.67,7.07,0.0,0.0,0.0,8.51,0.0,0.0,0.0,7.78,4.82,0.0,5.83,0.0,7.34,10.29,0.0,7.35,6.25,7.26,0.0,8.75,0.0,0.0,8.8,0.0,0.0,8.4,0.0,6.02
CRACR2A,9.66,8.68,0.0,0.0,8.15,0.0,8.26,9.38,9.0,8.85,7.75,5.41,9.14,10.14,5.24,4.38,0.0,7.11,6.21,0.0,0.0,0.0,9.02,0.0,0.0,11.31,8.04,0.0,0.0,0.0,3.32
CRISPLD2,0.0,0.0,7.58,0.0,6.95,8.2,6.71,0.0,8.15,9.62,0.0,5.42,0.0,8.13,8.54,5.82,8.54,6.5,0.0,0.0,0.0,9.54,0.0,8.01,0.0,8.57,0.0,3.55,7.74,10.58,7.35
CRYBG2,0.0,0.0,10.17,0.0,7.92,8.83,0.0,0.0,8.41,9.85,0.0,4.77,0.0,7.59,4.71,8.8,6.13,8.57,8.75,9.86,8.03,9.37,8.84,0.0,0.0,9.24,0.0,4.46,0.0,0.0,3.01
CRYM,0.0,6.65,8.11,9.36,0.0,0.0,0.0,9.13,8.87,9.02,9.1,5.94,8.49,10.02,0.0,6.93,5.54,8.32,5.13,7.49,7.44,7.9,0.0,8.31,0.0,10.45,8.3,4.0,8.27,8.98,6.38
CSDC2,0.0,6.69,7.75,8.66,0.0,9.85,8.42,10.37,7.72,8.51,8.44,5.14,9.15,7.45,8.39,0.0,6.56,7.25,4.92,0.0,0.0,0.0,0.0,11.16,8.45,8.76,5.62,2.93,8.43,10.58,7.33
CSF1,0.0,7.35,7.65,0.0,7.42,8.43,0.0,0.0,7.51,9.66,8.7,4.59,9.39,7.46,5.94,7.39,8.02,6.64,7.23,7.53,9.13,8.47,8.51,11.08,0.0,8.35,7.22,5.22,8.43,8.98,0.0
CSF2RA,0.0,6.86,7.68,9.06,7.64,5.91,0.0,9.73,0.0,0.0,0.0,4.37,0.0,9.81,0.0,9.79,7.95,9.3,0.0,0.0,0.0,0.0,8.52,11.18,0.0,0.0,0.0,0.0,0.0,0.0,4.59
CTSL,8.94,6.49,6.78,0.0,7.53,0.0,0.0,0.0,7.58,10.35,0.0,8.01,8.41,8.24,7.88,7.76,7.47,7.17,0.0,6.36,6.54,0.0,0.0,0.0,9.1,9.83,0.0,3.64,0.0,9.14,7.19
CTSV,0.0,0.0,5.94,0.0,0.0,5.58,0.0,9.66,0.0,0.0,0.0,4.63,0.0,7.18,4.86,9.42,7.53,6.44,6.61,6.99,0.0,8.73,0.0,10.12,8.73,8.32,7.95,5.03,0.0,8.98,0.0
CTTNBP2,11.37,6.49,7.32,8.31,0.0,8.65,0.0,0.0,7.58,8.91,9.04,4.42,0.0,7.8,7.66,9.12,8.39,9.43,7.86,8.59,0.0,8.53,10.29,8.68,8.83,9.29,0.0,3.68,0.0,0.0,6.86
CXCL1,0.0,9.31,7.09,10.08,7.5,0.0,7.34,0.0,0.0,0.0,0.0,0.0,0.0,7.09,5.43,6.87,5.38,0.0,7.77,9.08,12.07,10.25,0.0,10.69,0.0,0.0,0.0,7.55,0.0,8.18,5.44
CXCL8,9.31,8.99,7.78,0.0,8.03,7.63,0.0,9.0,6.0,0.0,0.0,0.0,0.0,9.23,8.45,8.14,6.02,0.0,0.0,0.0,0.0,0.0,0.0,0.0,0.0,0.0,0.0,0.0,0.0,9.14,6.18
DCDC1,7.97,7.62,6.05,0.0,8.69,7.25,7.56,8.56,0.0,0.0,7.24,0.0,0.0,10.55,7.61,10.32,8.19,6.95,3.36,0.0,0.0,8.83,9.11,0.0,8.93,8.26,0.0,0.0,0.0,0.0,5.94
DDC,7.93,7.04,6.58,7.96,0.0,8.14,0.0,11.09,8.05,9.86,6.73,0.0,0.0,8.21,7.46,6.35,6.29,0.0,8.99,0.0,0.0,0.0,9.7,10.55,8.06,8.06,8.93,2.44,0.0,10.58,8.02
DDX18P5,0.0,6.91,6.91,0.0,7.02,8.03,8.26,0.0,0.0,0.0,8.11,0.0,0.0,0.0,9.76,8.13,7.54,0.0,9.87,9.84,9.07,0.0,9.0,0.0,0.0,0.0,0.0,0.0,0.0,9.14,7.07
DDX3Y,9.16,6.51,8.57,0.0,0.0,8.43,7.36,0.0,0.0,0.0,7.92,5.26,0.0,0.0,0.0,0.0,6.13,6.04,4.27,7.2,5.55,9.1,0.0,11.95,8.14,9.37,0.0,0.0,8.96,0.0,6.38
DENND1B,0.0,7.57,8.51,9.23,8.55,8.39,7.35,10.29,5.41,0.0,0.0,4.25,9.4,10.21,5.23,0.0,9.15,6.04,0.0,0.0,0.0,8.44,0.0,10.92,8.97,7.78,9.72,5.36,8.08,0.0,6.78
DENND2A,0.0,0.0,9.23,0.0,6.93,0.0,0.0,0.0,8.93,8.61,0.0,6.99,0.0,7.9,6.83,0.0,7.36,7.34,8.78,0.0,0.0,9.44,0.0,12.68,10.21,10.15,0.0,3.26,0.0,0.0,0.0
DHRS2,11.09,7.12,7.49,8.5,7.57,9.85,0.0,8.78,6.03,0.0,7.83,0.0,9.45,8.22,8.34,10.1,7.69,0.0,7.07,9.12,5.79,8.77,9.07,9.73,0.0,0.0,6.3,0.0,0.0,10.58,0.0
DIRAS1,0.0,0.0,7.14,0.0,6.91,8.14,8.51,0.0,8.24,9.8,0.0,5.15,0.0,7.78,7.28,9.34,8.25,7.69,6.7,0.0,0.0,8.52,0.0,10.34,9.52,9.41,8.06,4.81,8.74,7.54,5.79
DLC1,11.75,7.0,7.84,0.0,0.0,0.0,0.0,9.98,7.03,0.0,8.2,0.0,0.0,7.63,0.0,8.15,7.31,7.08,6.03,5.55,7.29,0.0,0.0,0.0,0.0,0.0,0.0,0.0,0.0,0.0,5.37
DMKN,9.71,6.49,7.69,8.15,0.0,0.0,0.0,0.0,8.54,0.0,8.33,4.44,0.0,9.32,9.63,7.29,7.59,7.14,0.0,0.0,0.0,8.62,0.0,11.08,9.05,9.82,0.0,0.0,0.0,0.0,4.45
DNAH17-AS1,0.0,6.49,7.65,0.0,7.33,9.16,7.27,0.0,7.55,8.75,6.97,5.35,0.0,8.59,6.27,6.03,6.08,6.23,0.0,0.0,0.0,8.69,0.0,9.38,8.95,8.3,0.0,3.63,8.43,9.14,6.09
DNER,9.86,0.0,0.0,0.0,8.14,8.34,7.65,0.0,6.66,0.0,0.0,4.88,8.42,8.93,7.79,0.0,6.69,7.3,0.0,0.0,0.0,8.89,0.0,8.59,9.13,10.18,0.0,4.67,0.0,8.98,6.19
DOC2B,0.0,0.0,8.31,8.0,7.52,7.78,0.0,0.0,7.0,0.0,0.0,5.2,8.15,9.0,7.37,0.0,0.0,6.58,9.7,0.0,0.0,8.28,0.0,10.29,8.56,9.31,0.0,4.65,9.05,0.0,0.0
DOCK8,0.0,6.2,0.0,9.15,7.93,6.27,0.0,10.11,0.0,0.0,0.0,5.3,0.0,8.4,5.73,0.0,5.65,7.54,0.0,0.0,0.0,9.01,9.24,0.0,8.74,9.8,6.06,4.42,0.0,0.0,6.52
DOK7,0.0,0.0,7.27,0.0,8.05,7.76,0.0,0.0,9.51,11.16,0.0,4.87,0.0,8.35,3.39,0.0,6.74,0.0,0.0,0.0,0.0,8.64,0.0,8.52,8.75,9.68,0.0,3.69,8.74,8.98,3.89
DRD1,0.0,0.0,6.63,10.11,7.57,7.98,0.0,0.0,7.37,9.17,8.2,6.03,8.93,9.43,5.66,0.0,5.18,6.95,0.0,0.0,0.0,8.48,9.84,8.92,9.82,9.81,0.0,5.03,0.0,8.18,5.38
DSC2,8.8,6.95,9.03,0.0,8.2,0.0,0.0,9.54,7.14,8.76,7.11,4.56,8.37,8.17,8.66,4.34,6.18,7.6,9.22,12.36,13.59,8.55,0.0,11.62,8.42,8.32,0.0,3.78,0.0,0.0,0.0
DSEL,0.0,0.0,7.95,0.0,0.0,0.0,0.0,8.79,7.1,0.0,6.97,5.28,0.0,7.6,0.0,0.0,6.26,8.38,6.55,6.8,7.34,8.48,0.0,9.8,0.0,8.77,11.23,4.5,0.0,0.0,0.0
DUX4L10,0.0,0.0,7.95,8.78,7.71,7.24,0.0,0.0,6.04,0.0,0.0,5.75,0.0,8.21,3.85,4.42,6.63,5.97,0.0,0.0,0.0,9.45,0.0,12.19,8.93,9.69,0.0,4.84,8.61,8.98,4.51
DUX4L11,0.0,0.0,7.95,8.78,7.71,7.24,0.0,0.0,6.04,0.0,0.0,5.75,0.0,8.21,3.85,4.42,6.63,5.97,0.0,0.0,0.0,9.45,0.0,12.19,8.93,9.69,0.0,4.85,8.61,8.98,4.51
DUX4L14,0.0,0.0,7.95,8.78,7.71,7.24,0.0,0.0,6.04,0.0,0.0,5.75,0.0,8.21,3.85,4.42,6.63,5.97,0.0,0.0,0.0,9.45,0.0,12.19,8.93,9.69,0.0,4.84,8.61,8.98,4.51
DUX4L15,0.0,0.0,7.95,8.78,7.71,7.24,0.0,0.0,6.04,0.0,0.0,5.75,0.0,8.21,3.85,4.42,6.63,5.86,0.0,0.0,0.0,9.41,0.0,11.68,8.93,9.69,0.0,4.84,8.61,8.98,4.51
DUX4L22,0.0,0.0,7.95,8.78,7.71,7.24,0.0,0.0,6.04,0.0,0.0,5.75,0.0,8.21,3.85,4.42,6.63,5.97,0.0,0.0,0.0,9.45,0.0,12.19,8.93,9.69,0.0,4.85,8.61,8.98,4.51
DUX4L4,0.0,0.0,7.95,8.78,7.71,7.24,0.0,0.0,6.04,0.0,0.0,5.75,0.0,8.47,3.85,4.42,6.85,5.86,0.0,0.0,0.0,9.2,0.0,11.57,9.15,9.91,0.0,5.01,8.32,8.98,5.55
DUX4L5,0.0,0.0,7.95,8.78,7.71,7.39,0.0,0.0,6.04,0.0,0.0,5.75,0.0,7.93,3.85,4.42,6.85,5.86,0.0,0.0,0.0,9.3,0.0,11.63,9.26,9.92,0.0,4.95,8.32,8.98,5.55
DUX4L6,0.0,0.0,7.95,8.78,7.71,7.39,0.0,0.0,6.04,0.0,0.0,5.75,0.0,7.93,3.85,4.42,6.85,5.86,0.0,0.0,0.0,9.3,0.0,11.77,9.26,9.92,0.0,4.95,8.32,8.98,5.55
DUX4L7,0.0,0.0,7.95,8.78,7.71,7.39,0.0,0.0,6.04,0.0,0.0,5.75,0.0,8.1,3.85,4.42,6.85,5.86,0.0,0.0,0.0,9.3,0.0,11.59,9.26,9.92,0.0,5.01,8.32,8.98,5.55
DUX4L8,0.0,0.0,7.95,8.78,7.71,7.42,0.0,0.0,6.04,0.0,0.0,5.75,0.0,8.31,3.85,4.42,6.85,6.21,0.0,0.0,0.0,8.87,0.0,11.18,9.15,9.74,0.0,4.95,8.32,8.98,5.55
EDA,9.31,8.18,8.95,8.27,0.0,6.87,7.45,10.24,7.06,9.26,9.09,4.76,9.47,7.35,0.0,7.68,7.54,8.2,7.27,9.36,10.15,8.46,10.15,13.01,10.21,11.42,0.0,3.8,7.74,0.0,0.0
EDN2,0.0,6.49,8.18,9.35,7.78,0.0,0.0,0.0,0.0,0.0,0.0,4.71,0.0,9.47,7.79,0.0,6.65,0.0,9.78,0.0,0.0,0.0,0.0,10.62,8.51,8.21,0.0,5.11,0.0,7.26,6.22
EFHB,0.0,0.0,9.41,9.26,8.09,8.27,0.0,0.0,8.32,10.67,0.0,4.72,0.0,5.58,0.0,9.04,7.73,6.94,8.15,0.0,7.63,9.28,0.0,12.97,8.53,8.6,0.0,4.18,0.0,8.18,8.51
EIF1AY,0.0,7.17,7.89,8.49,7.59,0.0,6.61,0.0,8.05,8.55,8.45,5.44,0.0,7.97,0.0,8.48,5.73,0.0,0.0,0.0,0.0,9.67,0.0,0.0,8.92,8.87,13.31,5.01,9.05,0.0,3.68
EIF4HP1,0.0,6.49,9.26,0.0,7.25,8.46,7.89,0.0,6.93,0.0,0.0,4.69,0.0,8.24,0.0,8.32,0.0,7.26,0.0,5.89,6.66,8.36,9.24,8.68,8.86,9.5,0.0,4.39,8.41,9.14,7.01
EPB41L4A,0.0,6.49,0.0,0.0,7.49,8.18,11.47,0.0,5.84,0.0,8.2,4.26,8.65,7.84,7.22,0.0,5.39,6.8,0.0,0.0,0.0,9.28,0.0,10.26,9.52,10.39,0.0,5.63,0.0,7.26,6.66
EPHB6,0.0,0.0,7.27,9.25,7.8,8.52,0.0,0.0,7.39,0.0,0.0,4.86,0.0,8.39,6.44,0.0,0.0,0.0,9.01,0.0,0.0,8.46,0.0,10.86,8.5,9.24,7.49,3.71,8.2,0.0,0.0
EPPK1,0.0,0.0,7.25,7.21,7.78,8.62,7.8,0.0,6.75,0.0,0.0,6.03,8.35,7.78,6.26,0.0,7.13,5.61,0.0,0.0,0.0,8.81,0.0,9.55,9.09,9.49,0.0,4.01,8.25,8.98,5.36
ERBB3,0.0,0.0,7.39,0.0,0.0,9.04,7.34,0.0,6.16,8.4,0.0,5.03,0.0,8.42,9.96,0.0,6.67,7.28,0.0,5.68,6.07,8.91,8.49,13.36,0.0,10.15,0.0,5.26,0.0,0.0,6.08
ERVMER61-1,12.39,7.09,7.5,0.0,7.92,0.0,6.71,9.3,0.0,0.0,0.0,0.0,0.0,8.18,6.34,8.66,6.85,0.0,8.51,8.66,6.35,9.03,0.0,0.0,0.0,0.0,6.96,6.23,0.0,0.0,0.0
EXO1,0.0,8.95,7.61,0.0,6.75,7.17,7.76,0.0,6.63,0.0,0.0,3.97,0.0,7.87,8.47,8.75,5.79,7.1,6.44,7.79,0.0,8.12,0.0,9.41,8.07,7.6,5.96,4.63,0.0,10.58,7.2
EXOC3L2,0.0,7.54,8.45,8.86,7.96,7.43,0.0,0.0,6.86,0.0,7.99,0.0,8.15,7.53,0.0,0.0,5.7,6.92,8.63,0.0,0.0,0.0,8.89,8.11,8.24,9.13,0.0,2.96,8.27,0.0,4.25
EXPH5,9.19,7.07,5.94,8.07,0.0,9.18,7.89,0.0,7.68,0.0,8.14,6.69,0.0,7.58,5.8,7.25,6.43,9.73,0.0,0.0,0.0,8.64,0.0,11.78,9.14,10.61,0.0,0.0,0.0,0.0,4.29
F2RL2,8.68,8.98,8.07,0.0,0.0,0.0,0.0,0.0,6.27,0.0,0.0,0.0,0.0,0.0,0.0,8.76,6.65,9.1,6.36,6.49,8.23,7.73,9.54,10.72,0.0,6.31,9.46,0.0,0.0,0.0,3.73
F5,0.0,6.49,8.64,0.0,7.32,7.33,0.0,9.38,7.23,9.11,6.97,0.0,0.0,7.66,5.43,0.0,6.0,0.0,0.0,6.8,5.62,8.38,9.47,13.51,9.14,8.8,5.33,3.39,7.74,0.0,7.97
FAM102A,0.0,0.0,7.68,0.0,7.31,8.46,0.0,0.0,5.64,0.0,0.0,4.15,0.0,9.67,0.0,9.12,6.76,6.29,0.0,0.0,0.0,8.63,9.3,11.44,8.74,8.76,0.0,5.17,0.0,9.14,0.0
FAM110C,8.81,0.0,7.29,7.8,7.29,6.88,0.0,0.0,8.47,9.38,0.0,5.54,0.0,7.23,0.0,3.82,6.93,8.3,0.0,0.0,0.0,9.2,0.0,10.47,8.89,9.23,12.12,4.75,0.0,0.0,5.9
FAM149A,0.0,5.57,8.4,7.8,0.0,8.17,0.0,0.0,6.26,0.0,0.0,4.8,0.0,8.22,0.0,0.0,6.09,0.0,0.0,0.0,0.0,9.73,0.0,8.63,8.74,8.71,0.0,4.01,0.0,0.0,0.0
FAM224A,0.0,7.95,7.75,0.0,6.85,9.19,7.91,0.0,6.11,0.0,8.14,4.9,0.0,8.1,6.42,0.0,7.52,7.44,9.9,5.81,6.33,0.0,9.18,11.91,0.0,0.0,0.0,3.82,0.0,0.0,0.0
FAM224B,0.0,7.95,7.75,0.0,6.85,9.19,7.91,0.0,6.11,0.0,8.14,4.9,0.0,8.1,6.42,0.0,7.52,0.0,9.9,5.81,6.33,0.0,9.18,11.91,0.0,0.0,0.0,3.82,0.0,0.0,0.0
FAM229B,8.7,8.36,6.67,7.93,7.21,0.0,0.0,9.26,7.15,0.0,7.86,0.0,0.0,8.61,8.67,8.71,7.7,0.0,5.19,7.58,9.63,0.0,10.38,0.0,8.54,8.5,0.0,4.41,0.0,0.0,5.18
FAT1,7.92,7.92,9.46,0.0,7.25,9.66,7.62,9.52,5.38,0.0,0.0,5.17,0.0,8.11,6.12,0.0,8.77,6.61,7.88,8.79,6.84,9.14,0.0,11.84,0.0,8.79,0.0,3.66,0.0,0.0,7.52
FBXL21P,0.0,6.49,6.9,0.0,7.78,8.87,0.0,0.0,7.31,8.65,7.24,4.38,0.0,9.67,9.22,0.0,6.81,6.98,8.65,6.1,4.79,8.54,0.0,8.92,9.65,9.97,9.46,4.44,0.0,8.18,4.51
FCGBP,10.37,6.43,7.79,8.68,8.25,8.31,8.35,0.0,8.61,0.0,8.11,0.0,9.02,7.26,3.65,0.0,6.11,7.52,8.94,5.71,0.0,7.86,9.13,7.95,0.0,9.25,0.0,0.0,8.09,0.0,6.59
FCMR,0.0,0.0,0.0,9.22,8.01,7.48,0.0,0.0,9.99,10.92,0.0,4.06,0.0,7.82,0.0,0.0,5.81,8.99,10.33,0.0,0.0,7.96,0.0,8.97,8.69,9.17,4.74,0.0,8.43,0.0,0.0
FES,0.0,0.0,8.11,9.51,7.92,8.16,0.0,0.0,9.3,11.07,0.0,7.3,9.02,8.48,0.0,0.0,5.22,7.5,0.0,6.2,0.0,8.01,0.0,11.5,9.5,8.91,0.0,3.59,7.74,9.06,4.23
FGA,9.05,6.49,0.0,8.72,7.44,8.43,7.76,10.56,7.85,9.16,0.0,4.88,0.0,7.64,0.0,0.0,7.12,0.0,6.84,0.0,0.0,0.0,0.0,0.0,8.65,9.1,0.0,0.0,8.43,10.58,8.44
FGB,8.54,7.16,8.16,0.0,0.0,0.0,0.0,11.17,0.0,0.0,8.87,0.0,0.0,7.23,6.26,8.6,6.82,6.67,6.49,7.16,6.85,0.0,0.0,0.0,0.0,0.0,6.75,0.0,0.0,0.0,6.93
FGF14,9.32,6.49,7.92,0.0,0.0,0.0,0.0,9.56,0.0,0.0,6.73,4.77,9.24,0.0,7.69,6.45,5.7,8.21,5.51,6.25,5.43,7.99,0.0,11.06,0.0,0.0,5.58,0.0,0.0,0.0,6.56
FGFR2,0.0,6.49,0.0,0.0,6.92,9.14,8.33,0.0,8.1,0.0,0.0,6.04,0.0,8.4,5.24,0.0,6.39,0.0,7.3,12.26,7.61,9.42,8.7,13.05,8.24,9.27,0.0,4.61,8.43,7.54,4.51
FGFR3,0.0,0.0,7.13,9.44,0.0,7.33,0.0,0.0,8.05,9.56,9.23,5.9,8.25,7.64,4.79,0.0,5.65,7.17,8.93,0.0,0.0,9.5,0.0,12.73,9.02,9.57,0.0,4.82,8.25,0.0,6.91
FGFR4,0.0,0.0,7.02,0.0,0.0,7.75,0.0,10.46,8.51,9.03,0.0,5.99,8.6,9.38,0.0,0.0,6.36,7.35,0.0,0.0,0.0,9.1,0.0,9.07,9.61,9.09,0.0,5.37,0.0,7.4,5.43
FGG,10.64,6.85,7.63,0.0,8.0,0.0,7.25,9.98,6.24,0.0,0.0,4.54,0.0,0.0,3.01,9.57,7.53,0.0,0.0,0.0,0.0,8.21,9.52,0.0,8.93,8.93,0.0,0.0,0.0,0.0,6.93
FILIP1,9.53,7.37,4.15,7.83,8.23,6.89,9.13,10.94,8.61,0.0,8.25,0.0,0.0,0.0,0.0,10.09,7.08,7.75,8.22,8.25,0.0,0.0,9.73,0.0,0.0,0.0,7.48,5.8,0.0,0.0,5.57
FIRRE,0.0,6.49,8.49,9.43,8.41,6.68,7.98,0.0,6.27,0.0,6.73,0.0,0.0,7.67,4.47,0.0,5.62,0.0,7.2,7.44,7.32,7.67,10.43,0.0,8.83,8.6,0.0,0.0,8.66,0.0,5.0
FLNC,0.0,0.0,8.95,7.16,7.0,7.42,0.0,0.0,6.48,0.0,0.0,5.29,8.47,7.96,5.33,0.0,5.83,7.29,0.0,0.0,0.0,9.22,0.0,13.16,8.5,9.28,0.0,4.99,8.43,8.98,0.0
FLRT2,0.0,0.0,0.0,0.0,7.53,8.38,0.0,0.0,0.0,0.0,0.0,5.71,8.31,7.08,0.0,4.51,7.65,8.3,0.0,0.0,0.0,8.26,9.3,13.06,8.33,8.68,0.0,3.07,0.0,0.0,5.99
FMNL1,0.0,7.89,5.32,0.0,8.22,8.03,0.0,0.0,0.0,0.0,8.44,5.35,8.22,7.96,7.39,0.0,6.93,7.72,0.0,0.0,0.0,8.42,0.0,9.34,8.95,9.7,0.0,4.62,0.0,7.26,0.0
FP236383.3,9.31,6.49,0.0,0.0,0.0,0.0,0.0,0.0,8.48,10.44,8.25,4.94,0.0,7.18,4.49,0.0,5.81,4.71,0.0,5.81,0.0,0.0,0.0,8.13,8.74,9.41,0.0,9.0,0.0,0.0,0.0
FP671120.2,0.0,0.0,7.27,0.0,6.74,0.0,0.0,0.0,0.0,0.0,7.82,4.81,0.0,8.23,0.0,0.0,7.05,0.0,0.0,0.0,0.0,8.81,0.0,8.73,8.99,9.82,0.0,5.16,0.0,0.0,4.41
FP671120.5,9.31,6.49,0.0,0.0,0.0,0.0,0.0,0.0,8.48,10.44,8.25,4.94,0.0,7.18,4.49,0.0,5.81,4.71,0.0,5.81,0.0,0.0,0.0,8.13,8.74,9.41,0.0,9.0,0.0,0.0,0.0
FRMD4B,9.64,8.66,7.11,0.0,8.31,9.15,0.0,10.54,0.0,0.0,0.0,4.98,8.21,6.65,0.0,8.19,7.63,8.31,4.83,5.55,5.65,0.0,10.61,12.78,8.42,7.67,0.0,3.65,0.0,8.98,6.22
FRRS1,9.42,6.17,0.0,10.29,9.58,8.5,0.0,8.64,0.0,0.0,8.03,4.13,0.0,7.8,0.0,6.83,5.64,4.9,7.02,8.45,8.86,0.0,0.0,10.32,0.0,8.13,9.18,2.47,0.0,0.0,5.01
FRRS1L,0.0,10.88,7.47,0.0,0.0,7.24,7.72,10.19,4.97,0.0,0.0,5.06,8.5,7.54,4.88,7.93,5.62,7.08,6.13,6.37,0.0,8.28,0.0,12.22,0.0,9.02,0.0,4.17,8.43,0.0,6.19
FSTL4,0.0,0.0,9.96,0.0,8.26,0.0,6.55,0.0,6.9,8.88,0.0,4.78,0.0,5.54,7.55,0.0,7.14,6.37,0.0,0.0,0.0,9.06,0.0,0.0,8.46,9.03,0.0,4.71,8.43,0.0,4.44
FXYD2,0.0,6.49,7.99,0.0,8.27,7.35,0.0,0.0,0.0,0.0,6.97,0.0,8.17,8.45,3.42,0.0,6.93,7.46,0.0,0.0,0.0,0.0,0.0,10.31,9.02,8.34,0.0,0.0,0.0,7.4,0.0
G0S2,0.0,7.29,7.59,9.27,0.0,7.42,7.75,9.48,8.38,9.94,0.0,4.23,0.0,7.5,0.0,9.08,6.75,6.83,9.42,6.59,0.0,8.38,0.0,12.65,0.0,0.0,0.0,4.54,0.0,9.06,0.0
GABRA3,7.91,8.14,0.0,0.0,0.0,8.65,0.0,9.14,8.52,0.0,0.0,0.0,10.1,8.24,8.66,7.33,0.0,6.98,6.53,6.87,6.86,8.19,0.0,13.17,0.0,8.8,0.0,3.61,0.0,0.0,6.96
GABRQ,0.0,0.0,0.0,0.0,7.36,7.35,6.44,10.21,6.36,8.85,6.73,4.25,0.0,8.6,9.89,0.0,6.44,9.0,4.3,0.0,0.0,8.63,0.0,10.3,8.95,8.81,11.04,6.21,0.0,0.0,7.09
GALNT6,0.0,7.42,7.9,7.07,8.25,0.0,0.0,0.0,8.78,10.12,7.92,5.44,8.17,9.33,7.76,0.0,6.83,9.67,0.0,0.0,0.0,9.8,0.0,11.87,0.0,10.17,0.0,3.95,0.0,8.18,6.62
GALNT9,0.0,0.0,7.34,0.0,0.0,7.55,0.0,0.0,8.82,9.4,0.0,4.76,8.88,8.22,6.8,0.0,6.74,7.67,0.0,0.0,0.0,9.81,0.0,10.25,8.79,9.27,0.0,4.49,0.0,8.18,3.75
GASK1B,9.28,7.83,5.28,9.25,0.0,7.72,8.51,9.63,0.0,0.0,7.94,4.72,0.0,8.2,5.31,0.0,5.31,0.0,5.83,7.62,8.02,8.35,0.0,9.28,0.0,8.32,4.96,0.0,8.74,0.0,4.93
GCLM,9.4,7.03,7.41,0.0,6.85,0.0,7.29,10.27,9.38,9.61,6.96,6.28,0.0,7.19,9.68,10.11,6.74,7.16,9.82,9.99,11.75,8.68,0.0,8.63,9.74,9.72,7.28,4.92,8.27,10.58,6.6
GDA,10.59,7.31,5.56,0.0,7.88,8.05,0.0,9.06,0.0,0.0,0.0,0.0,0.0,7.56,6.94,0.0,8.56,7.37,6.19,7.04,7.29,0.0,0.0,0.0,0.0,7.45,8.67,3.39,0.0,9.14,7.38
GDF15,0.0,7.61,8.17,9.19,7.91,8.31,6.99,9.34,9.41,9.47,8.44,4.81,0.0,9.78,5.3,3.49,6.47,10.01,0.0,0.0,0.0,8.48,9.4,11.74,9.93,10.16,5.01,0.0,8.38,0.0,6.16
GJA3,0.0,8.89,7.7,8.78,7.83,0.0,8.12,10.03,0.0,0.0,7.48,4.88,0.0,10.78,9.49,8.98,6.32,8.01,8.37,8.38,7.74,9.25,9.37,0.0,8.64,8.79,12.63,4.11,8.27,0.0,5.77
GLB1L2,0.0,7.14,6.79,8.88,7.66,8.33,0.0,0.0,6.89,9.28,0.0,5.26,9.4,0.0,6.36,4.48,7.33,0.0,6.92,4.85,4.65,9.38,0.0,9.29,9.21,9.2,0.0,5.2,8.58,8.18,7.45
GLB1L3,8.84,7.25,7.27,0.0,7.86,6.44,0.0,10.1,6.38,0.0,9.94,5.06,0.0,8.94,10.55,10.69,8.24,6.7,0.0,0.0,7.77,0.0,0.0,0.0,8.95,8.95,5.71,2.9,0.0,8.98,0.0
GLDC,0.0,6.56,7.75,0.0,6.96,7.16,8.69,0.0,7.09,9.09,8.45,6.17,8.76,9.47,0.0,5.72,6.1,7.01,0.0,0.0,0.0,9.75,0.0,13.44,8.75,9.44,0.0,4.42,0.0,8.18,4.36
GLRB,10.91,6.76,6.5,0.0,0.0,0.0,0.0,0.0,5.68,0.0,8.12,5.02,0.0,8.31,5.25,9.38,8.22,6.71,9.68,7.56,0.0,8.2,9.2,9.07,0.0,0.0,7.22,2.96,0.0,7.26,6.83
GNG2,0.0,0.0,6.2,0.0,0.0,0.0,7.45,0.0,6.96,0.0,6.97,0.0,0.0,7.25,0.0,7.09,6.28,8.17,5.03,0.0,0.0,7.75,8.79,0.0,0.0,0.0,6.88,0.0,0.0,0.0,4.81
GNRH1,9.61,6.49,7.68,0.0,8.55,7.89,0.0,10.45,8.09,0.0,9.04,5.0,0.0,0.0,0.0,7.51,6.74,0.0,0.0,0.0,7.22,0.0,10.08,0.0,8.42,8.42,9.46,0.0,7.74,8.98,7.7
GPC6,0.0,6.31,8.8,0.0,7.6,0.0,0.0,0.0,4.86,8.61,0.0,5.8,0.0,8.35,5.56,0.0,0.0,8.08,6.1,8.18,5.92,0.0,0.0,10.91,0.0,8.38,9.5,4.82,0.0,0.0,6.65
GPRIN3,0.0,0.0,8.11,9.24,0.0,7.44,0.0,0.0,8.48,9.25,0.0,4.06,8.17,8.72,7.99,4.69,6.64,7.45,0.0,0.0,0.0,8.18,0.0,12.86,0.0,9.49,5.44,3.65,0.0,8.18,5.57
GRAMD1C,0.0,6.49,7.24,0.0,0.0,6.04,0.0,0.0,5.4,0.0,8.25,5.48,0.0,7.29,9.52,8.48,7.48,6.72,4.5,7.15,8.13,0.0,9.33,0.0,8.17,8.16,5.72,2.41,8.08,0.0,5.0
GREM1,9.17,0.0,7.46,8.43,7.52,0.0,0.0,10.48,6.83,0.0,0.0,4.62,0.0,9.7,0.0,0.0,7.51,6.81,5.75,8.07,8.09,10.05,0.0,12.26,10.02,9.19,0.0,4.22,0.0,8.98,3.86
GRID1,0.0,0.0,9.08,8.33,7.63,8.06,0.0,0.0,4.49,0.0,0.0,3.7,9.15,8.41,0.0,0.0,7.14,6.5,0.0,0.0,0.0,8.24,0.0,11.63,9.61,9.78,0.0,5.67,0.0,0.0,0.0
GRIK2,0.0,7.14,7.29,0.0,0.0,11.57,0.0,0.0,7.26,0.0,8.44,4.15,8.27,8.27,0.0,4.35,6.7,0.0,9.21,10.46,8.41,0.0,8.58,12.01,8.33,7.32,6.41,3.57,0.0,0.0,5.71
GSTT2B,0.0,0.0,8.66,9.31,7.77,0.0,8.19,9.83,5.38,0.0,0.0,4.99,0.0,8.29,10.06,0.0,6.33,0.0,0.0,0.0,0.0,8.42,0.0,12.22,0.0,9.74,0.0,3.69,8.43,8.46,0.0
GUCY1A2,0.0,8.12,7.46,0.0,7.94,9.48,8.15,0.0,5.64,0.0,0.0,4.58,9.13,7.48,5.68,0.0,8.02,8.81,0.0,0.0,0.0,10.05,0.0,10.08,0.0,8.96,0.0,3.81,8.08,7.26,4.16
H1-5,0.0,7.74,0.0,7.12,0.0,6.65,8.57,0.0,7.94,8.89,8.45,6.92,0.0,0.0,8.89,0.0,7.01,8.58,9.36,0.0,4.82,0.0,0.0,0.0,0.0,0.0,5.96,5.51,0.0,9.14,0.0
H19,0.0,0.0,8.14,0.0,7.26,0.0,0.0,0.0,0.0,0.0,0.0,5.22,0.0,8.24,6.17,8.19,7.67,7.46,4.62,0.0,0.0,9.24,9.23,0.0,0.0,7.35,0.0,5.69,0.0,8.15,0.0
H2BC15,0.0,0.0,6.75,0.0,7.24,8.3,9.3,0.0,8.05,9.15,0.0,4.42,0.0,7.61,6.73,7.84,6.13,8.41,9.71,0.0,7.36,8.53,0.0,0.0,0.0,6.43,0.0,3.86,0.0,0.0,5.19
H3-2,0.0,7.11,7.03,8.95,6.9,0.0,8.38,0.0,9.34,8.49,8.45,4.05,10.57,8.74,8.68,8.63,7.2,6.68,0.0,0.0,0.0,0.0,0.0,0.0,8.49,8.67,6.71,3.08,7.74,8.18,6.79
HAGLR,0.0,8.49,8.18,0.0,7.16,7.96,0.0,0.0,6.16,0.0,0.0,4.3,0.0,10.17,0.0,0.0,6.76,6.7,6.44,0.0,0.0,8.58,8.55,9.74,8.59,8.97,0.0,4.37,8.43,7.54,4.48
HAP1,0.0,0.0,8.73,0.0,8.02,9.48,6.25,0.0,6.53,0.0,0.0,6.7,0.0,8.34,5.89,0.0,6.65,0.0,0.0,0.0,0.0,9.5,8.65,0.0,9.14,9.64,0.0,3.47,0.0,8.18,4.42
HAS1,0.0,0.0,7.72,0.0,0.0,7.63,0.0,0.0,5.48,0.0,0.0,0.0,8.35,9.22,5.81,0.0,8.22,9.54,0.0,6.41,6.93,0.0,8.74,11.89,0.0,9.53,0.0,3.79,0.0,9.14,6.94
HAS2,0.0,6.63,6.69,0.0,7.25,9.59,0.0,9.37,0.0,0.0,0.0,5.8,8.39,8.15,0.0,4.73,4.91,0.0,6.31,7.95,9.09,9.54,9.2,11.98,0.0,9.0,14.17,5.61,0.0,8.98,3.18
HCN4,0.0,0.0,8.86,0.0,7.36,9.39,9.12,0.0,0.0,0.0,0.0,6.81,0.0,8.62,8.66,0.0,6.32,6.6,9.13,0.0,0.0,9.23,0.0,8.63,8.68,9.64,0.0,5.03,8.43,8.18,0.0
HDAC9,0.0,7.35,7.43,0.0,0.0,10.11,8.21,9.45,0.0,0.0,8.66,4.81,0.0,10.4,5.74,0.0,6.81,0.0,4.5,4.93,5.99,8.43,0.0,9.93,8.21,9.06,0.0,4.5,0.0,8.98,6.62
HEATR9,0.0,5.24,6.42,8.52,7.45,8.61,8.57,11.58,7.17,0.0,0.0,0.0,8.64,7.68,4.11,0.0,6.59,8.2,0.0,0.0,0.0,0.0,9.04,0.0,0.0,6.3,7.09,0.0,0.0,0.0,0.0
HGD,0.0,6.78,5.53,7.55,9.65,8.51,8.8,10.76,9.81,11.95,8.44,5.03,8.36,6.83,9.0,7.4,5.58,7.46,0.0,0.0,0.0,0.0,8.52,0.0,9.14,7.74,0.0,0.0,0.0,0.0,6.79
HHIP,0.0,0.0,7.92,0.0,6.89,0.0,0.0,9.38,6.24,0.0,0.0,6.1,0.0,7.0,4.49,0.0,6.53,8.13,9.79,0.0,0.0,8.24,0.0,11.86,0.0,9.93,0.0,3.67,0.0,0.0,5.69
HLA-DMB,10.17,7.92,7.41,9.06,0.0,8.39,0.0,0.0,7.08,9.49,8.09,0.0,0.0,8.22,0.0,0.0,7.19,0.0,7.69,8.59,10.26,0.0,0.0,11.77,0.0,0.0,0.0,0.0,0.0,8.98,6.99
HNF1A-AS1,0.0,6.95,0.0,7.48,7.75,6.76,0.0,10.21,7.84,9.11,8.44,0.0,8.62,8.51,9.72,0.0,5.07,6.82,0.0,0.0,0.0,8.77,0.0,11.84,8.33,9.91,0.0,2.25,8.43,0.0,0.0
HNRNPA1P29,9.57,7.11,6.56,0.0,7.41,0.0,7.84,9.63,6.56,0.0,7.89,0.0,0.0,8.41,8.31,9.12,7.55,6.36,5.75,4.64,5.0,0.0,0.0,0.0,0.0,9.9,6.94,3.28,0.0,0.0,3.95
HOOK1,8.67,8.84,7.39,0.0,6.94,7.99,7.71,0.0,0.0,0.0,7.93,6.67,10.48,7.77,8.55,7.0,6.67,0.0,4.76,4.82,0.0,8.32,8.87,12.14,8.33,9.2,7.31,3.65,0.0,0.0,5.03
HSD17B1,9.11,7.85,7.34,0.0,7.76,7.22,0.0,0.0,7.31,8.98,8.5,4.72,0.0,7.26,8.23,0.0,7.24,9.36,9.44,0.0,0.0,9.42,0.0,8.13,9.33,9.23,7.19,5.26,8.43,8.18,0.0
HTRA3,0.0,0.0,8.5,8.75,8.76,7.64,0.0,0.0,6.63,0.0,0.0,6.92,0.0,7.65,10.55,0.0,6.38,7.47,0.0,0.0,0.0,8.98,0.0,13.57,9.57,8.9,0.0,4.08,8.43,0.0,7.31
HYAL1,0.0,0.0,7.36,0.0,7.49,8.18,8.18,0.0,5.39,0.0,0.0,5.96,0.0,7.93,6.66,0.0,5.65,8.22,0.0,0.0,0.0,8.14,0.0,11.34,8.64,9.31,0.0,4.76,0.0,0.0,6.08
IGFBP3,0.0,6.5,5.78,0.0,7.8,7.27,0.0,0.0,6.31,0.0,0.0,4.88,8.4,8.72,3.93,7.19,5.57,8.01,9.28,6.42,0.0,9.77,0.0,12.62,8.64,9.57,0.0,4.19,0.0,9.06,5.44
IGFBPL1,0.0,6.49,7.6,0.0,0.0,8.71,7.17,0.0,6.36,0.0,0.0,5.37,0.0,6.75,5.47,7.25,6.58,9.57,9.06,0.0,0.0,0.0,0.0,11.72,8.67,9.55,0.0,4.69,8.43,8.66,6.63
IGFL1P1,0.0,8.35,7.56,7.64,6.79,0.0,0.0,9.32,6.37,0.0,0.0,4.73,0.0,8.28,0.0,0.0,6.63,0.0,0.0,0.0,0.0,8.85,0.0,11.87,0.0,0.0,0.0,0.0,0.0,9.14,6.93
IGFL2-AS1,0.0,6.49,8.41,0.0,7.95,0.0,7.55,0.0,5.37,0.0,0.0,4.19,8.17,8.0,8.53,0.0,6.76,0.0,0.0,0.0,0.0,0.0,8.93,9.62,9.14,9.97,0.0,0.0,0.0,0.0,6.89
IGFL4,0.0,6.85,6.52,9.04,8.0,0.0,0.0,10.63,5.55,0.0,0.0,3.92,8.76,5.71,3.4,0.0,6.87,0.0,9.74,5.25,3.55,7.68,0.0,0.0,0.0,0.0,0.0,3.82,0.0,7.54,6.95
IGSF9,0.0,0.0,8.3,0.0,0.0,7.13,8.53,0.0,8.3,9.99,6.97,0.0,0.0,0.0,0.0,0.0,5.62,0.0,5.98,0.0,7.26,8.15,0.0,11.47,8.06,9.1,0.0,3.59,8.27,9.06,4.57
IL11,0.0,0.0,7.47,0.0,6.73,7.85,0.0,0.0,6.72,0.0,0.0,4.58,0.0,7.88,5.5,5.74,5.59,0.0,0.0,0.0,0.0,9.93,0.0,11.79,9.62,9.99,0.0,4.01,8.43,0.0,6.19
IL17D,0.0,7.19,7.17,0.0,0.0,6.68,0.0,0.0,5.3,0.0,8.71,5.47,8.38,7.23,6.85,0.0,6.26,9.53,8.5,7.9,6.76,0.0,9.68,11.43,8.06,8.86,0.0,6.27,0.0,8.18,0.0
IL1B,0.0,0.0,7.85,0.0,7.26,6.53,9.42,0.0,6.68,0.0,0.0,0.0,0.0,8.2,5.78,7.54,6.73,5.65,6.93,8.62,7.68,0.0,9.94,12.83,8.86,9.67,9.77,3.9,8.74,8.98,6.74
IL31RA,9.88,9.39,9.14,0.0,0.0,8.67,0.0,10.45,0.0,0.0,7.94,0.0,0.0,6.94,6.82,8.77,6.65,0.0,9.51,0.0,0.0,0.0,0.0,8.8,0.0,9.92,7.16,0.0,0.0,0.0,0.0
IL32,0.0,0.0,8.69,0.0,6.88,7.95,0.0,0.0,8.44,8.37,0.0,5.39,8.53,8.88,8.32,0.0,7.91,0.0,10.39,0.0,0.0,8.33,0.0,11.42,8.08,8.96,5.11,3.5,8.08,0.0,0.0
INHBB,0.0,0.0,0.0,8.59,7.91,7.26,0.0,0.0,6.58,0.0,0.0,5.17,0.0,7.54,8.81,0.0,8.37,7.49,0.0,0.0,0.0,9.13,0.0,11.21,9.42,10.19,0.0,4.77,8.43,0.0,5.02
IQGAP2,0.0,0.0,7.31,0.0,7.45,6.86,0.0,10.46,7.36,9.36,0.0,4.77,0.0,7.25,4.97,0.0,5.91,7.66,0.0,8.84,6.69,8.35,12.08,10.53,10.16,9.52,0.0,3.51,0.0,0.0,7.68
ITGA1,0.0,6.61,0.0,0.0,7.6,8.99,0.0,0.0,7.72,8.81,0.0,5.82,0.0,7.84,5.1,8.24,6.28,0.0,7.18,7.89,6.5,8.1,10.3,9.01,0.0,0.0,10.75,2.63,0.0,0.0,0.0
ITGA10,11.95,9.41,8.09,0.0,7.94,8.21,0.0,0.0,8.58,9.86,7.67,0.0,0.0,10.6,8.76,4.71,6.58,7.79,0.0,0.0,5.59,0.0,0.0,12.78,0.0,8.56,8.56,0.0,8.43,0.0,4.76
ITGA7,0.0,7.2,9.44,8.83,7.5,0.0,7.92,0.0,6.11,0.0,8.5,0.0,9.0,8.81,6.72,0.0,5.52,6.0,6.03,7.34,6.57,8.95,0.0,11.62,9.39,9.21,5.75,0.0,8.08,0.0,4.2
ITGB3,0.0,0.0,9.78,11.03,7.63,9.79,9.48,0.0,8.81,10.5,0.0,4.9,0.0,7.7,3.81,0.0,5.91,8.49,0.0,5.99,0.0,0.0,0.0,11.69,0.0,7.46,0.0,4.4,0.0,8.58,0.0
ITGB6,7.91,6.61,7.26,9.79,0.0,0.0,7.73,9.88,6.28,0.0,7.56,0.0,0.0,7.57,0.0,7.39,7.68,9.35,7.52,6.9,6.29,0.0,0.0,0.0,0.0,0.0,8.9,2.73,0.0,0.0,6.96
ITGBL1,9.11,8.26,8.91,0.0,0.0,0.0,7.39,10.08,7.74,9.48,8.23,5.19,0.0,9.7,0.0,0.0,6.37,8.59,9.67,0.0,7.71,8.12,11.53,10.74,8.64,8.64,5.46,4.1,0.0,0.0,8.49
ITIH2,0.0,7.32,6.76,8.11,7.45,8.43,8.5,9.53,7.49,8.89,0.0,0.0,0.0,8.04,0.0,9.48,0.0,0.0,0.0,0.0,0.0,0.0,10.93,0.0,0.0,0.0,9.41,2.2,0.0,0.0,0.0
KCNE4,0.0,7.15,9.13,9.42,8.02,0.0,0.0,0.0,6.24,8.73,7.95,4.12,0.0,8.2,7.52,9.79,6.23,7.85,4.53,0.0,5.49,8.83,0.0,8.42,0.0,6.3,0.0,5.78,0.0,0.0,5.44
KCNF1,0.0,0.0,7.64,0.0,6.97,7.33,0.0,0.0,6.26,0.0,7.17,5.22,0.0,7.55,8.04,7.74,8.4,6.72,0.0,0.0,0.0,8.55,0.0,10.63,8.14,8.49,0.0,3.66,0.0,9.38,7.21
KCNJ2,9.48,8.26,7.27,9.69,6.77,7.99,7.66,10.26,6.72,8.67,8.31,4.55,0.0,0.0,5.88,0.0,7.19,6.91,5.56,7.38,5.82,9.45,0.0,10.08,0.0,9.44,0.0,5.4,0.0,10.58,5.45
KCNJ8,8.97,7.08,7.18,0.0,0.0,0.0,0.0,8.61,6.23,8.85,8.5,4.09,0.0,7.03,0.0,8.34,6.76,8.52,7.57,0.0,0.0,8.82,0.0,10.66,8.24,9.57,8.46,4.72,0.0,0.0,6.63
KCNK15,0.0,0.0,7.85,0.0,7.82,0.0,6.69,9.4,7.9,11.16,8.79,4.5,8.37,8.29,7.17,8.37,6.92,9.29,6.91,8.82,7.37,8.32,8.68,12.56,8.68,9.28,0.0,6.17,8.43,7.54,0.0
KCNV1,0.0,7.16,8.73,0.0,8.03,7.16,0.0,0.0,0.0,0.0,7.48,4.79,0.0,7.62,0.0,0.0,6.14,4.72,0.0,0.0,4.77,8.77,10.45,12.33,0.0,10.91,10.14,5.08,0.0,0.0,7.92
KCTD12,0.0,6.49,7.71,8.9,7.35,8.47,0.0,0.0,6.99,0.0,10.09,4.78,0.0,7.78,0.0,0.0,5.52,5.07,0.0,0.0,0.0,8.91,0.0,10.79,9.33,9.29,0.0,3.44,0.0,7.4,6.16
KDM5D,0.0,0.0,7.66,7.87,7.15,7.54,7.98,0.0,0.0,0.0,0.0,4.49,0.0,9.33,8.8,8.1,7.71,8.27,6.38,6.54,7.09,0.0,0.0,0.0,0.0,0.0,7.3,0.0,0.0,0.0,2.97
KIAA0408,9.23,7.78,7.99,0.0,8.32,7.69,7.79,0.0,7.45,0.0,7.78,0.0,0.0,0.0,6.01,8.84,5.87,6.66,7.95,8.34,8.08,10.53,8.62,0.0,0.0,0.0,7.46,0.0,0.0,10.58,6.62
KIAA1671,0.0,6.49,8.37,0.0,8.31,7.42,0.0,0.0,7.69,9.37,0.0,4.98,0.0,8.78,7.94,3.83,6.38,8.89,0.0,0.0,0.0,9.58,9.23,8.0,9.07,9.9,0.0,4.32,8.43,0.0,0.0
KIF1A,8.7,7.11,9.68,7.69,8.07,7.65,8.79,9.25,0.0,0.0,0.0,5.59,10.49,7.04,0.0,0.0,6.88,7.78,7.36,0.0,0.0,8.73,0.0,10.42,0.0,9.08,0.0,3.95,0.0,7.54,5.78
KIF5A,0.0,6.49,0.0,0.0,0.0,7.9,0.0,0.0,5.85,0.0,7.61,7.16,0.0,9.32,9.82,9.75,7.23,5.14,7.15,7.01,6.72,8.75,0.0,12.37,0.0,8.55,0.0,0.0,9.05,0.0,0.0
KITLG,9.39,7.4,3.83,0.0,7.76,7.59,0.0,0.0,0.0,0.0,8.24,5.34,0.0,7.98,8.48,8.6,6.92,6.52,7.5,9.27,0.0,8.5,10.7,0.0,0.0,0.0,7.61,3.28,0.0,8.98,6.83
KLHL9,0.0,7.55,7.5,0.0,7.58,7.6,6.75,9.66,6.1,0.0,8.43,0.0,9.36,0.0,4.85,9.87,6.06,8.14,7.69,7.85,6.46,8.91,9.57,12.27,8.99,9.85,0.0,4.36,8.25,10.58,0.0
KRT19,0.0,0.0,6.91,9.54,7.71,8.61,0.0,0.0,6.7,8.89,0.0,5.78,8.3,7.77,3.24,0.0,5.82,6.79,3.21,0.0,0.0,8.7,0.0,10.21,0.0,9.59,0.0,3.81,8.35,0.0,5.4
LAMA2,0.0,6.49,5.4,0.0,7.33,7.27,8.22,9.02,6.23,0.0,0.0,3.95,0.0,8.24,6.65,9.17,8.07,7.88,6.81,6.97,0.0,0.0,0.0,0.0,8.64,8.43,6.77,3.09,8.35,9.78,6.87
LAMA4,8.75,0.0,6.24,0.0,8.34,5.67,0.0,0.0,6.76,0.0,8.71,5.41,0.0,7.39,7.21,0.0,5.48,7.17,5.64,0.0,0.0,9.54,0.0,12.8,9.33,8.46,5.75,3.64,8.43,0.0,0.0
LAMB3,0.0,8.44,8.99,8.98,7.89,7.83,0.0,0.0,6.46,8.98,8.39,0.0,0.0,6.8,8.57,0.0,6.45,0.0,0.0,7.59,0.0,7.97,0.0,8.71,8.83,8.3,7.54,3.46,8.43,0.0,8.51
LARGE2,0.0,0.0,6.69,0.0,7.57,0.0,7.98,0.0,0.0,0.0,0.0,5.71,0.0,8.63,6.45,0.0,0.0,6.52,0.0,0.0,0.0,9.25,0.0,11.36,8.54,8.45,0.0,4.56,8.08,7.54,3.76
LAYN,0.0,6.49,7.56,0.0,0.0,7.61,7.43,0.0,6.52,8.68,8.71,5.13,0.0,8.82,6.0,7.34,6.67,6.92,0.0,0.0,0.0,8.24,8.57,10.66,9.33,8.62,0.0,3.93,0.0,7.54,0.0
LHFPL4,0.0,5.29,0.0,7.62,7.06,7.72,6.75,0.0,8.7,8.76,0.0,4.74,0.0,8.95,6.48,7.24,6.03,0.0,0.0,0.0,0.0,8.35,0.0,9.12,9.3,9.23,0.0,4.62,8.26,0.0,0.0
LIN7A,9.26,8.89,0.0,8.92,7.79,0.0,0.0,10.09,7.01,0.0,0.0,5.75,0.0,8.6,0.0,8.2,4.09,0.0,5.47,10.85,8.87,8.49,0.0,12.94,0.0,9.42,5.77,2.84,0.0,8.34,5.95
LINC00632,9.17,8.81,7.33,8.99,0.0,0.0,0.0,9.51,0.0,0.0,8.4,0.0,0.0,0.0,0.0,0.0,7.89,0.0,5.27,6.0,4.28,0.0,0.0,0.0,0.0,0.0,4.21,0.0,0.0,0.0,0.0
LINC00665,0.0,7.01,7.68,7.9,7.36,0.0,0.0,9.97,8.58,10.03,8.3,4.83,9.37,13.03,5.86,8.5,5.81,6.71,7.64,6.4,0.0,8.0,0.0,12.87,8.51,7.43,9.79,3.62,0.0,0.0,5.04
LINC00993,0.0,6.06,7.27,0.0,6.91,8.42,7.09,0.0,6.31,0.0,0.0,0.0,9.17,7.47,5.26,4.2,7.35,6.33,7.39,0.0,0.0,0.0,0.0,8.45,8.11,9.54,0.0,0.0,8.08,0.0,0.0
LINC01151,0.0,7.32,8.4,8.16,7.67,9.01,0.0,0.0,5.03,0.0,0.0,0.0,0.0,11.45,6.9,0.0,6.73,5.61,8.46,9.93,6.82,8.48,0.0,0.0,0.0,0.0,0.0,6.68,0.0,8.98,2.91
LINC01305,0.0,6.49,8.72,9.75,8.16,7.99,0.0,10.57,5.9,0.0,0.0,7.19,0.0,8.02,7.68,8.6,6.64,0.0,9.06,0.0,0.0,9.34,9.41,12.07,0.0,8.73,0.0,5.04,0.0,10.58,0.0
LINC01322,0.0,6.99,8.09,0.0,0.0,0.0,8.9,9.18,6.15,0.0,8.0,8.61,8.83,0.0,0.0,0.0,7.79,10.74,9.3,8.8,7.91,0.0,8.88,0.0,0.0,0.0,9.66,4.22,0.0,0.0,6.01
LINC01564,0.0,10.47,7.68,0.0,7.59,7.0,7.52,9.63,6.91,9.47,0.0,7.01,9.31,8.84,0.0,9.03,6.83,7.08,9.74,0.0,5.53,0.0,0.0,0.0,0.0,9.25,6.3,0.0,8.43,9.14,4.73
LINC01842,0.0,8.41,9.19,0.0,6.89,9.03,7.85,9.73,6.01,0.0,7.76,5.8,0.0,9.21,7.02,6.5,7.1,9.41,0.0,0.0,0.0,0.0,0.0,0.0,8.93,9.94,0.0,5.04,7.74,0.0,8.41
LINC01895,9.43,8.22,6.7,0.0,8.04,10.61,7.64,10.4,7.4,0.0,0.0,0.0,0.0,7.92,5.27,9.68,6.26,0.0,7.5,5.45,7.1,0.0,0.0,0.0,0.0,6.43,0.0,0.0,0.0,10.58,6.17
LINC02163,9.08,6.49,7.93,8.93,0.0,0.0,6.5,9.33,6.55,0.0,6.97,5.35,8.62,9.04,0.0,0.0,5.13,9.74,0.0,0.0,6.42,8.22,0.0,0.0,8.46,8.85,11.93,0.0,8.43,0.0,0.0
LINC02212,0.0,7.25,7.33,9.31,7.62,10.8,0.0,0.0,0.0,0.0,8.12,5.37,8.72,7.63,0.0,4.36,6.17,0.0,0.0,0.0,0.0,8.7,8.86,8.12,8.62,8.97,0.0,3.25,8.43,7.54,4.51
LINC02256,0.0,6.49,6.96,8.34,0.0,7.85,8.03,9.41,8.55,8.24,0.0,5.37,0.0,8.91,6.67,0.0,6.82,7.19,7.26,6.52,4.94,0.0,0.0,8.39,10.21,8.86,0.0,5.74,0.0,8.18,10.48
LINC02367,9.52,6.82,4.19,0.0,7.16,7.75,9.13,0.0,7.88,0.0,7.81,6.09,0.0,7.06,4.47,5.46,6.49,6.1,8.24,8.07,6.11,8.44,10.97,0.0,0.0,7.26,0.0,0.0,0.0,0.0,0.0
LINC02532,0.0,6.49,7.32,7.65,7.68,8.46,7.18,9.89,8.58,0.0,6.97,4.3,9.0,7.58,0.0,7.3,7.12,6.64,0.0,0.0,7.09,0.0,0.0,11.91,0.0,0.0,9.97,4.67,0.0,9.86,5.56
LINC02577,9.88,6.84,7.62,9.32,7.62,0.0,0.0,0.0,6.62,0.0,7.92,0.0,0.0,0.0,4.86,10.22,7.92,5.17,7.05,6.25,0.0,8.34,0.0,14.01,0.0,0.0,0.0,0.0,0.0,0.0,6.58
LINC02582,9.19,8.51,7.6,0.0,0.0,7.52,0.0,0.0,5.82,0.0,8.5,0.0,0.0,8.74,0.0,0.0,6.91,8.77,5.86,7.59,8.38,0.0,9.44,12.49,9.05,8.85,0.0,0.0,0.0,0.0,0.0
LINC02783,0.0,6.49,7.85,7.9,0.0,0.0,0.0,8.78,9.58,10.07,8.39,0.0,8.6,7.63,9.6,3.82,6.51,8.46,9.47,6.63,8.5,8.06,0.0,8.78,8.84,8.76,4.12,0.0,8.43,9.14,0.0
LINC02870,0.0,0.0,7.69,0.0,8.63,8.78,0.0,0.0,7.75,8.91,8.28,4.48,8.25,9.2,0.0,4.12,6.88,4.96,0.0,0.0,4.09,7.96,0.0,11.93,9.5,9.84,0.0,3.66,7.74,8.98,6.55
LMCD1-AS1,9.97,6.64,0.0,8.33,7.6,8.79,6.5,0.0,7.08,0.0,9.09,0.0,0.0,10.73,0.0,0.0,5.18,7.65,8.78,0.0,0.0,8.22,0.0,0.0,8.46,8.85,12.99,0.0,8.43,9.14,0.0
LMO1,8.77,8.0,7.27,8.24,7.5,9.39,0.0,0.0,6.59,8.55,7.87,5.23,0.0,9.63,5.15,0.0,8.48,7.06,11.25,9.75,9.37,8.41,0.0,9.25,8.83,9.85,0.0,5.07,0.0,0.0,0.0
LRMDA,0.0,5.23,6.0,9.46,7.52,7.42,0.0,9.4,7.18,10.58,0.0,6.33,8.71,9.14,9.86,0.0,5.93,0.0,7.07,0.0,0.0,7.62,0.0,11.94,8.5,8.94,0.0,3.94,8.43,8.26,6.86
LRRC46,0.0,6.0,7.33,0.0,8.33,8.27,0.0,0.0,5.46,0.0,0.0,0.0,0.0,7.88,8.8,0.0,6.01,5.6,0.0,0.0,0.0,0.0,10.34,0.0,8.11,8.5,10.03,5.58,8.08,9.86,6.71
LRRIQ1,8.41,7.68,0.0,9.05,8.16,0.0,7.57,10.32,8.19,8.75,7.72,4.32,8.24,8.35,8.32,8.51,8.04,8.55,7.87,0.0,6.49,0.0,11.81,0.0,0.0,10.87,11.02,0.0,0.0,0.0,0.0
LTBP1,0.0,6.57,8.44,9.79,7.64,7.69,7.98,0.0,7.42,0.0,0.0,5.75,0.0,7.18,7.43,0.0,6.19,6.76,8.13,8.68,4.98,9.23,0.0,12.51,8.83,9.64,4.83,4.61,0.0,8.23,2.81
LYNX1,0.0,8.14,7.31,7.83,6.88,0.0,8.23,9.74,7.16,10.13,0.0,4.49,0.0,8.41,10.01,0.0,6.45,6.37,7.09,0.0,0.0,8.38,8.8,11.72,9.64,10.11,0.0,4.3,8.35,9.14,6.93
MAGEA3,0.0,9.23,7.66,0.0,0.0,8.31,7.52,0.0,8.37,0.0,0.0,4.49,9.48,7.29,7.8,0.0,6.36,8.13,4.91,7.77,8.23,9.63,9.8,10.24,8.78,9.56,0.0,3.26,0.0,8.98,7.34
MAGEA6,0.0,9.23,7.66,0.0,0.0,8.31,7.52,0.0,8.37,0.0,0.0,4.45,9.48,7.29,7.8,8.96,6.36,8.13,4.91,7.77,8.23,9.63,9.8,10.24,8.78,9.56,0.0,3.26,0.0,0.0,7.34
MAGI2-AS3,0.0,0.0,9.25,7.66,8.19,6.58,7.98,0.0,7.58,8.73,8.06,4.66,0.0,9.54,6.82,0.0,6.48,9.51,8.09,9.21,6.56,9.38,0.0,11.61,8.63,8.55,0.0,5.17,8.43,7.26,6.19
MAP2,0.0,6.49,7.85,0.0,7.32,7.34,0.0,0.0,5.63,0.0,0.0,5.66,8.32,6.89,9.17,0.0,7.25,8.59,6.78,0.0,5.5,9.06,0.0,11.49,0.0,9.76,8.62,5.11,0.0,8.18,0.0
MAP7D2,0.0,0.0,7.36,0.0,7.08,8.25,6.74,0.0,8.74,9.28,8.13,5.26,0.0,7.9,4.96,0.0,6.26,8.2,8.19,9.63,0.0,8.64,0.0,8.89,8.46,9.72,0.0,3.8,8.74,0.0,6.29
MED12L,0.0,0.0,8.18,8.75,8.37,0.0,7.62,0.0,8.33,0.0,0.0,5.14,0.0,0.0,6.6,0.0,5.32,6.32,0.0,0.0,7.57,8.38,0.0,10.74,8.42,9.62,0.0,4.69,0.0,0.0,0.0
MED14,0.0,7.48,0.0,7.78,7.48,8.08,7.66,0.0,7.81,9.39,8.52,4.82,8.29,6.4,3.17,4.3,6.93,0.0,5.7,0.0,7.99,8.3,0.0,10.84,0.0,10.1,11.32,3.89,0.0,9.78,5.79
MEGF11,0.0,0.0,7.27,9.98,7.54,8.17,0.0,0.0,6.74,0.0,0.0,5.04,0.0,8.47,6.69,0.0,6.07,0.0,0.0,0.0,0.0,0.0,0.0,12.26,0.0,9.43,0.0,5.01,7.74,8.98,6.53
MEGF6,0.0,0.0,0.0,0.0,7.87,8.88,6.47,0.0,5.31,0.0,6.97,5.79,0.0,7.93,9.51,9.08,6.49,10.09,9.1,0.0,0.0,9.46,0.0,13.61,8.06,8.39,0.0,3.98,0.0,7.54,3.38
METTL7B,0.0,6.49,7.56,0.0,7.66,7.64,0.0,0.0,7.89,10.46,0.0,4.31,9.05,9.98,0.0,8.41,6.64,7.65,0.0,0.0,0.0,7.9,0.0,12.6,0.0,0.0,0.0,4.01,0.0,0.0,6.3
MGAM,0.0,6.15,10.33,0.0,0.0,0.0,7.29,12.45,7.43,8.64,6.73,0.0,0.0,7.33,9.02,7.76,6.94,0.0,7.89,5.61,5.99,0.0,0.0,0.0,0.0,9.25,10.61,0.0,8.43,0.0,6.62
MIAT,0.0,0.0,5.81,0.0,8.34,6.66,0.0,9.42,0.0,0.0,0.0,4.98,0.0,7.06,0.0,5.43,6.15,7.17,5.92,6.98,6.1,8.93,8.98,9.81,8.89,8.03,5.49,0.0,0.0,0.0,0.0
MIR100HG,0.0,0.0,8.14,7.64,7.12,7.52,7.68,0.0,6.91,8.3,0.0,0.0,8.43,7.55,0.0,3.65,6.74,6.79,10.03,6.02,5.69,8.01,8.6,0.0,0.0,9.0,7.6,5.27,0.0,0.0,4.69
MIR194-2HG,0.0,6.49,7.75,9.67,7.54,9.0,6.41,11.48,6.93,8.69,0.0,0.0,9.05,7.65,9.99,0.0,5.99,0.0,0.0,0.0,0.0,8.13,0.0,8.38,8.83,9.73,0.0,3.07,8.64,0.0,0.0
MIR7854,9.12,8.61,7.39,0.0,0.0,8.95,0.0,10.0,7.66,10.04,8.5,4.28,8.52,7.91,8.55,0.0,7.38,9.0,0.0,0.0,0.0,7.92,8.96,0.0,8.35,8.73,0.0,0.0,8.27,8.98,0.0
MIR935,0.0,0.0,9.77,0.0,7.84,7.7,0.0,0.0,6.41,0.0,0.0,5.53,0.0,10.92,7.01,6.67,7.54,5.21,0.0,0.0,0.0,9.73,0.0,12.17,8.77,9.12,0.0,3.78,8.43,7.26,4.15
MLLT3,9.37,5.84,0.0,9.0,0.0,0.0,7.77,0.0,8.88,8.66,7.24,5.64,0.0,9.01,0.0,3.83,5.23,8.48,9.42,0.0,0.0,8.62,0.0,11.01,0.0,8.19,0.0,3.38,0.0,0.0,7.75
MOCS1,0.0,10.88,9.25,0.0,7.48,0.0,0.0,0.0,7.18,9.22,0.0,4.38,0.0,9.22,4.96,0.0,0.0,7.88,4.5,0.0,0.0,8.41,9.28,11.16,0.0,6.31,6.96,4.52,0.0,9.14,6.96
MSH5-SAPCD1,8.7,7.3,6.84,9.32,6.92,8.38,0.0,10.77,0.0,0.0,0.0,5.06,0.0,0.0,8.55,0.0,7.32,7.15,0.0,0.0,0.0,9.81,9.02,12.53,0.0,7.63,0.0,3.32,0.0,0.0,8.51
MTMR8,0.0,5.91,7.16,9.02,7.61,8.73,0.0,0.0,0.0,0.0,8.87,0.0,0.0,8.39,9.91,7.96,9.71,9.49,4.39,7.05,7.16,8.55,8.54,8.36,9.61,9.61,5.19,6.52,0.0,9.14,5.38
MTX3,0.0,6.9,7.75,10.39,7.85,7.41,8.09,0.0,8.54,10.38,7.74,4.24,9.12,9.04,6.99,9.12,6.86,5.67,5.57,9.4,0.0,10.15,11.35,12.55,0.0,6.36,6.7,3.01,0.0,8.55,8.0
MUC5AC,0.0,0.0,0.0,7.9,7.85,8.46,0.0,8.92,8.1,9.02,0.0,0.0,8.49,8.07,7.42,0.0,5.85,7.74,9.81,0.0,0.0,8.44,0.0,9.49,8.74,9.26,0.0,6.23,8.43,0.0,6.08
MUC5B,0.0,0.0,7.64,0.0,8.12,8.91,0.0,0.0,0.0,0.0,0.0,4.83,9.19,7.11,5.54,0.0,8.04,6.33,0.0,0.0,0.0,8.85,0.0,10.49,8.37,9.23,0.0,3.51,8.43,0.0,7.23
MYL9,8.64,7.66,0.0,0.0,0.0,7.98,7.94,9.9,5.86,0.0,7.85,5.18,8.16,7.81,5.41,0.0,7.73,0.0,0.0,0.0,0.0,8.87,0.0,9.56,9.09,9.09,0.0,5.52,0.0,8.98,0.0
MYOCD,0.0,6.57,7.85,0.0,7.62,9.16,8.38,0.0,6.05,0.0,8.12,4.6,0.0,7.89,5.83,7.22,6.04,3.67,0.0,0.0,0.0,7.95,8.9,11.68,0.0,9.5,0.0,5.34,0.0,0.0,3.75
NACC1,9.69,0.0,7.7,9.18,7.75,9.15,0.0,0.0,0.0,0.0,0.0,5.61,0.0,8.24,8.54,0.0,7.0,8.39,5.25,5.33,7.74,9.83,10.13,0.0,8.69,9.65,4.24,4.22,8.09,0.0,5.56
NAMPT,0.0,6.5,7.02,0.0,0.0,6.11,8.21,0.0,7.92,9.15,8.15,4.75,0.0,8.84,6.27,6.71,7.37,0.0,7.53,0.0,0.0,8.75,0.0,12.25,9.2,10.2,5.46,3.46,0.0,0.0,4.28
NAMPTP1,0.0,6.49,7.91,0.0,0.0,0.0,0.0,0.0,0.0,0.0,7.89,0.0,0.0,8.84,6.57,0.0,5.84,4.32,7.47,0.0,0.0,0.0,0.0,7.99,0.0,9.54,0.0,2.4,0.0,0.0,5.05
NAP1L2,8.94,7.1,7.71,9.44,7.16,0.0,0.0,9.19,0.0,0.0,8.99,4.83,0.0,0.0,5.72,0.0,6.03,8.62,5.98,7.5,0.0,0.0,10.61,13.77,0.0,0.0,6.57,0.0,0.0,0.0,3.05
NCMAP,0.0,6.49,5.28,9.47,7.92,7.11,6.19,0.0,6.63,0.0,0.0,0.0,0.0,8.63,8.27,7.99,8.2,8.47,0.0,0.0,0.0,8.06,0.0,0.0,8.83,9.17,7.75,5.92,0.0,0.0,4.22
NEB,9.16,6.77,8.15,0.0,0.0,0.0,7.13,9.39,0.0,0.0,8.44,0.0,0.0,7.6,0.0,8.0,7.45,0.0,0.0,0.0,0.0,9.54,0.0,0.0,0.0,9.83,0.0,0.0,0.0,0.0,6.9
NHS,0.0,0.0,8.2,0.0,7.07,0.0,0.0,0.0,7.75,9.23,0.0,6.92,0.0,8.8,9.23,4.61,5.62,8.08,0.0,0.0,0.0,8.42,0.0,11.54,8.83,10.01,0.0,3.87,0.0,7.54,0.0
NID1,0.0,6.49,6.31,0.0,7.49,7.41,7.16,0.0,9.14,10.06,7.28,4.69,0.0,9.53,7.96,0.0,7.29,5.34,0.0,0.0,0.0,8.62,10.14,11.52,8.63,9.53,0.0,3.79,0.0,7.26,6.77
NIPAL2,0.0,5.86,0.0,8.68,7.88,0.0,7.7,0.0,0.0,0.0,9.23,7.37,0.0,8.36,6.9,3.47,8.04,7.91,8.65,6.8,8.95,7.99,9.36,0.0,8.53,9.53,7.31,3.49,0.0,0.0,0.0
NLGN4Y,0.0,6.61,7.39,7.65,8.65,9.15,0.0,0.0,7.05,0.0,0.0,0.0,8.62,8.37,4.22,8.18,7.33,0.0,8.03,9.58,11.66,8.9,10.1,0.0,9.42,7.86,0.0,0.0,0.0,0.0,6.26
NLRC5,0.0,6.49,7.41,0.0,7.52,7.73,0.0,0.0,4.62,0.0,0.0,7.53,0.0,7.79,7.39,8.43,5.53,8.71,0.0,9.15,6.09,8.98,8.51,11.59,8.65,9.23,0.0,5.43,8.43,8.18,6.65
NNMT,0.0,6.95,7.58,8.56,0.0,7.42,7.48,0.0,6.34,0.0,8.44,4.47,8.52,8.18,8.22,0.0,0.0,9.27,0.0,0.0,0.0,0.0,0.0,12.07,0.0,9.58,0.0,3.02,8.43,8.98,0.0
NOTUM,0.0,0.0,0.0,0.0,7.0,8.37,7.62,0.0,10.17,0.0,0.0,6.03,0.0,7.64,8.78,0.0,0.0,8.35,9.35,0.0,0.0,8.81,0.0,9.47,9.0,9.02,0.0,4.88,9.05,9.38,3.35
NOVA1,7.9,8.04,8.08,0.0,0.0,7.84,0.0,0.0,7.72,0.0,8.5,5.32,9.16,8.83,6.89,9.07,7.53,0.0,7.46,9.93,7.11,8.59,0.0,12.0,0.0,8.68,5.11,4.34,0.0,0.0,6.4
NPAS2-AS1,0.0,6.49,8.05,8.9,0.0,7.86,0.0,0.0,7.09,8.63,6.85,0.0,8.58,7.2,6.51,0.0,6.8,0.0,0.0,0.0,0.0,8.53,8.63,8.8,8.05,8.61,0.0,0.0,8.43,8.58,3.53
NPTX1,0.0,0.0,0.0,0.0,8.23,7.45,0.0,0.0,7.69,9.91,0.0,5.97,0.0,7.21,7.17,0.0,6.37,6.52,0.0,0.0,0.0,8.49,0.0,10.53,8.67,9.23,0.0,4.12,8.43,8.12,7.53
NPY4R2,0.0,0.0,6.76,0.0,8.05,8.05,0.0,10.67,5.74,0.0,0.0,4.34,0.0,8.09,7.68,0.0,6.93,7.81,0.0,0.0,7.42,9.63,10.61,12.96,0.0,8.87,0.0,3.96,8.43,0.0,6.28
NR2F2-AS1,0.0,7.1,0.0,0.0,0.0,8.83,8.18,9.55,7.9,0.0,8.5,5.98,0.0,0.0,0.0,10.5,10.9,7.7,5.39,7.13,6.17,0.0,0.0,13.5,0.0,0.0,0.0,3.03,0.0,0.0,6.72
NRSN1,9.32,7.84,7.53,0.0,7.56,8.49,7.72,10.28,0.0,0.0,6.73,4.42,8.29,9.45,9.35,0.0,5.7,8.84,4.72,5.62,7.46,9.85,0.0,12.15,0.0,9.27,0.0,0.0,0.0,9.06,7.0
NRXN3,0.0,7.18,7.25,0.0,0.0,0.0,0.0,9.17,8.89,8.88,0.0,0.0,0.0,7.38,6.95,0.0,0.0,7.21,9.49,0.0,0.0,8.37,10.35,8.96,0.0,8.57,7.71,2.69,0.0,8.98,5.61
NTRK3,0.0,0.0,7.27,7.39,0.0,7.4,0.0,0.0,5.53,0.0,0.0,5.32,0.0,9.43,7.11,4.92,6.17,8.04,9.3,9.62,6.76,9.07,0.0,11.91,8.83,10.08,0.0,4.45,0.0,8.98,0.0
NTRK3-AS1,0.0,0.0,9.32,8.02,0.0,7.9,0.0,0.0,8.07,10.18,0.0,4.42,8.37,10.58,6.53,0.0,7.7,0.0,0.0,0.0,0.0,8.78,0.0,11.34,9.27,8.74,0.0,0.0,8.09,0.0,0.0
NTS,9.73,6.9,9.77,9.14,8.12,0.0,7.94,9.56,8.62,0.0,6.97,0.0,0.0,0.0,3.9,9.85,8.55,9.17,6.14,5.74,6.64,0.0,0.0,0.0,0.0,0.0,7.32,0.0,0.0,0.0,0.0
NUDT16P1,0.0,0.0,6.97,9.06,8.25,0.0,9.26,0.0,8.11,8.75,0.0,4.19,0.0,8.58,5.67,8.91,6.76,0.0,0.0,0.0,0.0,8.4,0.0,9.98,8.69,8.6,6.64,4.96,8.09,0.0,4.84
NUTM1,0.0,8.12,7.62,9.91,9.4,8.09,8.01,0.0,5.5,0.0,7.36,4.84,8.98,8.08,8.26,4.45,6.01,7.08,0.0,0.0,0.0,9.49,0.0,8.89,0.0,11.31,0.0,0.0,0.0,0.0,0.0
NYNRIN,0.0,6.5,0.0,0.0,7.46,9.21,0.0,0.0,8.51,8.82,7.61,5.32,8.75,8.47,10.29,0.0,6.53,7.55,9.95,5.63,7.25,9.4,10.55,12.09,8.07,9.07,0.0,4.01,0.0,8.98,0.0
OLFM1,0.0,6.49,7.27,8.71,7.57,6.82,0.0,0.0,8.89,11.14,0.0,5.03,0.0,9.76,0.0,0.0,4.85,3.63,9.06,0.0,0.0,8.6,0.0,11.44,8.83,10.31,0.0,5.5,0.0,8.18,6.39
OLFM2,0.0,5.13,7.86,9.29,8.27,9.49,0.0,0.0,8.19,0.0,0.0,3.79,0.0,9.77,0.0,0.0,6.56,7.41,0.0,0.0,0.0,8.84,0.0,10.35,8.23,9.14,0.0,4.79,8.31,0.0,5.59
OLMALINC,0.0,6.04,6.65,0.0,7.81,7.64,0.0,9.34,0.0,0.0,0.0,4.04,0.0,9.67,0.0,7.03,7.92,5.36,8.63,9.79,7.57,0.0,0.0,8.77,8.69,9.56,0.0,3.95,0.0,8.98,6.26
OR13H1,9.79,7.18,7.84,0.0,7.47,7.48,0.0,9.43,7.83,0.0,7.45,0.0,8.25,7.41,8.9,0.0,7.32,0.0,6.31,0.0,6.45,0.0,0.0,0.0,0.0,7.33,0.0,0.0,0.0,0.0,3.55
ORAI3,0.0,5.57,8.14,0.0,8.44,7.76,7.14,0.0,7.75,9.29,0.0,5.03,0.0,7.76,0.0,0.0,5.44,6.26,9.37,0.0,0.0,8.67,0.0,10.64,9.82,9.63,0.0,3.29,0.0,0.0,0.0
OSCAR,0.0,6.44,7.93,8.92,0.0,0.0,0.0,9.94,7.85,9.05,8.5,5.99,0.0,10.1,6.84,6.94,6.23,0.0,0.0,0.0,0.0,8.64,8.61,8.22,8.11,9.34,0.0,3.22,8.08,0.0,6.61
OTUD7A,0.0,6.49,9.14,0.0,0.0,6.35,0.0,9.65,6.06,0.0,0.0,4.73,0.0,7.45,0.0,0.0,7.69,6.47,5.68,8.71,7.87,8.9,0.0,11.69,0.0,9.02,7.77,4.62,0.0,0.0,4.01
OXCT1,0.0,7.73,7.74,0.0,0.0,7.44,0.0,9.58,6.97,8.88,0.0,6.71,0.0,7.02,9.94,0.0,7.0,8.52,0.0,0.0,7.43,8.59,10.01,0.0,0.0,7.97,0.0,3.08,0.0,8.98,7.32
P2RX6,0.0,6.49,7.17,8.64,0.0,7.97,7.72,0.0,5.63,0.0,0.0,5.99,0.0,8.22,5.89,0.0,6.84,0.0,6.65,6.59,6.59,8.62,8.61,0.0,0.0,8.42,0.0,0.0,7.74,0.0,7.05
P2RY1,0.0,7.16,7.43,0.0,7.83,8.72,7.5,0.0,5.21,0.0,8.66,4.96,0.0,8.61,0.0,9.14,8.38,0.0,0.0,0.0,0.0,8.65,9.14,7.99,9.14,9.21,0.0,4.14,0.0,8.18,6.71
P4HA3,0.0,6.49,7.48,0.0,0.0,5.91,0.0,10.63,5.64,0.0,9.64,4.76,8.9,8.5,0.0,0.0,6.6,0.0,7.98,0.0,7.4,9.21,0.0,9.02,8.08,9.32,0.0,4.12,0.0,8.18,5.61
PABPC1P3,0.0,6.49,7.64,0.0,8.21,6.82,9.13,9.23,6.5,0.0,0.0,0.0,0.0,0.0,7.9,9.37,8.34,4.52,7.47,0.0,0.0,0.0,0.0,8.63,0.0,0.0,9.89,0.0,0.0,0.0,3.04
PALM3,0.0,6.49,0.0,9.25,8.11,7.99,6.97,8.64,6.9,9.63,0.0,0.0,9.83,8.48,6.23,0.0,6.21,0.0,5.68,0.0,6.91,8.19,10.01,8.92,0.0,10.29,10.19,2.41,0.0,9.14,4.22
PAPLN,9.01,6.9,8.55,0.0,0.0,7.74,7.67,0.0,6.13,0.0,8.47,5.11,0.0,6.58,6.25,4.62,6.18,8.04,9.41,0.0,0.0,8.31,0.0,11.42,8.64,9.46,0.0,3.42,9.05,0.0,4.11
PARP10,0.0,5.13,8.54,8.93,7.85,8.38,0.0,0.0,7.17,0.0,0.0,0.0,9.02,8.17,6.05,7.78,6.36,0.0,0.0,0.0,0.0,0.0,0.0,10.13,8.55,9.39,0.0,0.0,8.39,0.0,3.79
PCDH9,0.0,5.84,7.75,10.11,7.47,7.35,8.64,0.0,6.86,0.0,7.55,5.08,8.57,7.89,0.0,9.71,7.54,9.49,5.75,0.0,7.16,9.22,0.0,12.3,9.57,10.68,7.46,3.98,0.0,8.98,7.12
PCDHB11,0.0,8.04,6.62,0.0,7.09,8.04,0.0,0.0,6.01,0.0,7.99,5.08,0.0,8.0,6.1,7.4,6.55,4.79,8.44,7.11,0.0,0.0,10.62,0.0,0.0,0.0,5.19,0.0,0.0,0.0,0.0
PCDHB13,0.0,6.75,0.0,8.1,0.0,8.5,7.03,0.0,0.0,0.0,8.54,5.57,0.0,0.0,0.0,0.0,6.97,8.57,6.1,7.55,8.71,0.0,0.0,8.01,0.0,6.43,6.92,0.0,0.0,0.0,6.29
PCDHB3,9.38,6.28,9.88,8.86,8.03,0.0,0.0,0.0,5.45,0.0,8.2,4.06,0.0,7.04,8.45,8.62,7.3,8.76,8.15,7.49,7.91,0.0,9.01,0.0,0.0,6.3,0.0,0.0,8.08,9.14,6.13
PCDHGA10,0.0,6.81,0.0,7.78,7.6,8.26,9.3,8.99,10.35,11.07,8.66,4.75,0.0,7.84,0.0,8.45,7.66,0.0,9.34,0.0,0.0,8.31,0.0,0.0,0.0,6.31,10.71,2.82,0.0,0.0,7.34
PCDHGA11,9.1,6.49,6.65,8.21,0.0,8.08,0.0,9.18,0.0,0.0,0.0,6.63,0.0,6.57,8.64,0.0,7.64,5.41,0.0,0.0,0.0,8.09,9.59,0.0,0.0,0.0,0.0,0.0,8.08,7.26,0.0
PCDHGA7,0.0,8.04,7.2,9.26,0.0,8.97,0.0,9.67,0.0,0.0,0.0,4.07,0.0,6.39,5.57,9.18,7.28,8.82,0.0,0.0,0.0,8.29,11.75,8.46,0.0,11.31,12.05,0.0,0.0,8.98,4.36
PCDHGA9,9.62,6.49,7.45,0.0,7.55,0.0,0.0,9.81,8.38,11.27,7.68,4.09,8.77,0.0,0.0,7.52,6.82,6.45,0.0,0.0,0.0,0.0,9.33,0.0,8.45,8.45,4.64,0.0,0.0,0.0,8.06
PCDHGB3,9.0,8.03,7.74,0.0,0.0,8.14,0.0,8.85,7.37,0.0,7.89,0.0,0.0,6.15,0.0,0.0,7.56,0.0,8.19,8.21,7.12,0.0,0.0,8.03,0.0,0.0,12.17,0.0,0.0,10.58,7.55
PCDHGB5,0.0,7.13,7.68,9.26,0.0,8.74,0.0,10.64,7.72,9.15,6.73,6.56,0.0,0.0,0.0,0.0,7.97,10.13,7.57,5.41,4.79,0.0,9.92,0.0,0.0,0.0,0.0,2.3,0.0,0.0,5.02
PCDHGB7,8.61,7.71,7.7,7.38,0.0,0.0,8.07,0.0,6.2,0.0,10.2,6.06,0.0,6.73,8.49,3.65,7.63,5.33,7.76,8.02,5.24,11.07,0.0,0.0,0.0,0.0,0.0,5.39,0.0,0.0,6.56
PCDHGB8P,10.42,6.49,7.01,8.39,8.1,0.0,0.0,0.0,0.0,0.0,7.36,0.0,0.0,6.85,4.66,7.26,7.96,0.0,8.23,7.7,7.24,0.0,0.0,0.0,0.0,0.0,0.0,0.0,0.0,0.0,0.0
PCSK5,0.0,8.19,7.23,0.0,8.02,7.65,0.0,12.49,6.96,0.0,7.24,4.83,8.29,8.91,8.82,0.0,6.74,9.12,0.0,0.0,6.29,10.05,9.94,12.19,0.0,11.39,0.0,5.09,0.0,0.0,10.0
PDE3A,0.0,0.0,6.3,9.62,0.0,7.24,7.52,0.0,6.32,0.0,0.0,5.42,0.0,7.43,8.81,0.0,7.04,7.62,8.01,8.01,0.0,8.41,0.0,12.04,9.12,8.72,0.0,4.67,0.0,7.26,5.22
PDGFC,0.0,0.0,0.0,9.62,7.82,6.37,8.21,0.0,6.78,9.06,0.0,7.07,0.0,7.99,3.23,7.59,7.5,7.19,0.0,0.0,0.0,8.74,9.79,11.67,0.0,9.01,0.0,4.57,0.0,8.58,0.0
PDK4,8.87,7.65,7.01,0.0,0.0,7.43,6.96,9.32,7.36,0.0,0.0,4.2,0.0,0.0,5.87,8.56,8.69,6.23,7.36,7.96,0.0,8.29,0.0,11.63,8.83,9.46,0.0,3.6,0.0,8.18,0.0
PDZD7,8.81,6.49,6.96,0.0,8.21,8.4,0.0,0.0,8.68,9.62,0.0,5.06,0.0,8.69,3.7,10.74,6.97,5.83,0.0,0.0,0.0,8.45,0.0,11.16,0.0,8.38,0.0,3.43,0.0,8.98,6.68
PELI1,0.0,8.21,9.0,8.38,6.71,5.76,7.62,9.86,6.95,8.99,8.5,5.61,0.0,8.59,0.0,0.0,8.48,0.0,7.44,0.0,5.41,10.16,0.0,12.05,8.47,9.42,5.06,3.48,7.74,0.0,7.01
PHLDB1,0.0,0.0,0.0,10.18,8.53,8.69,7.65,10.25,6.96,9.0,7.98,6.3,8.66,9.12,8.54,0.0,7.12,4.97,6.93,8.65,0.0,8.82,10.96,10.81,9.33,9.28,0.0,0.0,8.43,0.0,6.63
PIEZO2,0.0,0.0,0.0,0.0,7.4,0.0,0.0,0.0,8.6,8.88,0.0,5.77,0.0,7.58,7.86,0.0,5.98,6.9,0.0,7.25,0.0,8.79,0.0,9.86,9.23,9.28,0.0,4.44,0.0,8.6,5.45
PIK3C2A,8.95,7.43,7.33,7.37,9.04,8.44,7.15,10.7,7.13,0.0,8.26,0.0,0.0,9.68,0.0,0.0,6.63,6.45,8.72,0.0,0.0,8.85,0.0,9.58,8.24,8.07,8.24,3.78,8.27,8.45,6.34
PKDCC,0.0,5.34,4.39,0.0,8.22,8.12,7.34,0.0,0.0,0.0,0.0,5.63,0.0,9.42,5.37,0.0,5.4,5.97,0.0,0.0,0.0,8.71,0.0,12.72,8.78,10.11,4.67,5.85,8.43,0.0,4.87
PLEK2,0.0,8.12,8.42,8.53,8.13,7.38,0.0,0.0,8.35,0.0,0.0,5.5,0.0,9.81,0.0,0.0,6.84,6.27,3.78,9.1,7.52,8.32,0.0,9.98,8.24,9.31,0.0,3.25,0.0,9.14,0.0
PLPP3,8.67,7.35,6.8,8.67,0.0,7.88,7.09,9.64,6.15,0.0,8.5,4.17,0.0,8.56,7.58,8.14,7.09,0.0,0.0,0.0,7.1,8.36,10.27,12.23,9.02,9.54,0.0,3.66,0.0,7.26,5.32
PLS1,0.0,6.49,7.66,8.88,0.0,8.59,7.84,8.89,7.76,8.92,0.0,6.0,0.0,7.17,0.0,8.43,0.0,7.61,6.6,6.17,5.14,0.0,9.93,8.83,8.86,8.77,8.09,3.85,8.74,0.0,6.96
PLXNA4,0.0,0.0,6.78,0.0,8.43,0.0,7.5,10.5,8.32,0.0,6.97,0.0,8.19,0.0,8.05,9.26,5.64,8.22,8.19,7.46,6.6,0.0,9.29,0.0,8.86,9.12,4.47,0.0,8.74,0.0,4.42
PNMA6A,0.0,0.0,9.63,0.0,7.36,7.25,8.5,0.0,7.57,8.91,0.0,4.97,0.0,7.53,7.38,0.0,7.02,6.48,0.0,0.0,0.0,8.94,0.0,11.32,9.31,9.6,0.0,3.91,8.43,7.45,4.31
POF1B,10.43,7.59,5.76,8.78,6.78,8.19,9.6,0.0,0.0,0.0,10.65,0.0,0.0,7.13,6.62,0.0,6.68,9.45,6.43,6.62,0.0,7.91,9.96,0.0,0.0,8.35,5.55,0.0,0.0,0.0,4.95
POM121L9P,0.0,0.0,0.0,0.0,8.63,8.78,0.0,0.0,7.26,0.0,0.0,5.75,0.0,9.09,5.96,8.44,6.82,6.39,10.21,7.55,0.0,0.0,0.0,9.5,8.57,9.2,0.0,3.28,8.27,7.54,0.0
POTEF,0.0,0.0,8.16,7.66,7.53,8.42,6.87,0.0,0.0,0.0,8.3,7.06,0.0,9.18,0.0,0.0,6.53,8.65,5.56,0.0,0.0,8.26,0.0,10.77,0.0,9.45,0.0,4.25,8.4,9.94,0.0
PPARGC1A,9.17,8.2,8.49,9.22,0.0,8.07,8.21,0.0,7.26,0.0,8.5,0.0,0.0,8.84,0.0,0.0,8.21,6.57,6.72,5.87,5.99,0.0,0.0,0.0,0.0,0.0,0.0,0.0,0.0,9.14,3.61
PPP1R16B,0.0,0.0,6.72,9.14,7.67,7.76,9.36,0.0,9.4,9.25,0.0,5.5,0.0,9.69,9.71,7.92,0.0,9.38,8.78,0.0,0.0,0.0,0.0,9.86,8.47,9.69,0.0,4.78,8.43,9.06,6.95
PRKY,0.0,6.49,7.01,9.48,7.79,8.69,0.0,0.0,6.09,0.0,0.0,4.53,0.0,8.35,5.38,0.0,7.36,7.44,10.09,0.0,0.0,9.83,8.87,11.29,8.97,9.54,10.65,4.03,8.08,10.58,6.73
PRR15,0.0,6.49,7.82,8.43,7.63,8.59,0.0,0.0,0.0,0.0,0.0,4.83,0.0,0.0,0.0,0.0,6.1,6.64,6.04,0.0,0.0,9.02,0.0,8.39,8.35,9.38,0.0,4.87,8.35,8.66,0.0
PRRT1B,0.0,5.08,0.0,8.03,7.2,6.01,7.66,12.18,0.0,0.0,6.97,4.36,8.25,8.46,5.01,0.0,6.79,7.38,5.52,9.54,9.81,9.16,9.75,11.5,8.78,9.53,0.0,3.58,0.0,0.0,3.75
PRYP2,0.0,6.49,8.06,0.0,0.0,10.44,7.17,0.0,8.54,0.0,0.0,5.03,0.0,8.01,6.89,0.0,5.72,4.08,10.21,0.0,0.0,8.98,0.0,13.03,0.0,9.6,9.43,0.0,0.0,8.98,0.0
PSMA6P1,9.45,6.68,0.0,9.64,6.9,0.0,7.64,10.04,7.03,8.7,8.15,6.6,0.0,7.48,10.82,5.78,6.76,6.87,5.84,8.09,6.24,0.0,0.0,0.0,0.0,6.39,7.76,0.0,0.0,0.0,9.3
PTGES,0.0,7.54,8.11,0.0,7.96,8.09,7.63,0.0,6.33,8.54,8.66,4.3,8.62,7.67,7.95,0.0,6.89,5.32,0.0,0.0,0.0,8.58,9.31,0.0,8.83,9.06,7.02,3.17,0.0,7.26,0.0
PTGS2,9.31,8.09,8.06,8.85,6.73,7.51,6.34,0.0,7.21,8.58,7.99,5.35,0.0,0.0,0.0,8.77,6.61,0.0,7.78,7.87,5.88,0.0,9.75,9.61,0.0,8.63,0.0,3.61,0.0,0.0,7.19
PTPRD,9.55,7.39,7.32,0.0,8.16,7.09,8.55,0.0,6.13,0.0,8.15,6.36,0.0,8.86,4.12,8.83,5.74,6.76,5.43,0.0,0.0,8.96,8.54,10.71,10.11,9.21,0.0,4.77,0.0,0.0,0.0
PUM3,9.16,6.49,9.53,0.0,7.53,8.55,0.0,0.0,8.88,0.0,7.73,5.09,0.0,7.93,7.08,9.32,5.94,7.15,5.59,8.25,0.0,0.0,8.69,0.0,0.0,10.59,7.74,5.47,0.0,0.0,6.98
PURPL,7.9,7.13,8.09,9.56,0.0,8.09,0.0,0.0,0.0,0.0,7.73,5.99,0.0,8.0,8.43,6.33,8.14,6.01,0.0,0.0,0.0,10.27,9.9,0.0,8.64,8.97,9.18,3.08,0.0,0.0,4.53
PYCARD,0.0,6.49,9.67,9.35,7.45,7.13,0.0,0.0,8.27,8.85,0.0,4.86,0.0,9.05,7.19,0.0,6.17,6.15,0.0,0.0,0.0,8.34,0.0,12.58,0.0,8.62,5.37,5.26,8.43,8.18,0.0
RAB6B,0.0,5.82,7.5,0.0,0.0,7.81,0.0,0.0,5.08,0.0,0.0,4.52,9.11,7.42,9.01,0.0,6.37,5.51,7.51,8.9,0.0,8.71,0.0,12.17,8.92,9.29,0.0,4.97,8.66,0.0,0.0
RAPGEF5,8.79,5.23,7.28,8.8,7.8,7.72,7.65,0.0,7.65,9.57,6.73,3.96,0.0,9.56,6.26,0.0,5.82,6.67,0.0,0.0,0.0,8.63,0.0,12.66,8.93,8.49,9.43,3.57,0.0,8.26,0.0
RASSF10,0.0,6.49,7.94,9.17,7.84,9.47,6.27,0.0,7.13,9.4,0.0,6.48,8.58,8.57,9.56,8.27,6.34,0.0,0.0,0.0,0.0,8.24,10.91,0.0,0.0,8.42,0.0,4.65,0.0,8.98,6.34
RASSF9,8.84,7.74,0.0,0.0,0.0,6.98,7.88,0.0,7.13,9.2,6.97,0.0,9.26,7.96,0.0,0.0,6.35,8.9,0.0,7.04,8.0,8.57,0.0,12.7,0.0,0.0,5.65,0.0,0.0,10.58,6.33
RBFOX3,0.0,7.55,6.76,0.0,8.07,7.78,9.6,0.0,7.78,10.92,8.44,4.5,0.0,10.03,5.57,0.0,7.22,7.57,8.27,0.0,7.81,8.33,9.95,0.0,8.53,8.94,6.29,3.43,8.43,7.54,0.0
REEP1,0.0,5.13,6.27,0.0,8.16,6.62,0.0,0.0,0.0,0.0,0.0,5.2,0.0,7.14,3.2,3.75,5.63,5.92,9.77,0.0,0.0,9.71,0.0,11.11,0.0,9.46,0.0,3.86,8.43,7.54,6.46
RERG,10.93,7.82,7.59,0.0,8.23,0.0,0.0,8.74,0.0,8.74,0.0,0.0,0.0,6.12,0.0,9.19,8.24,0.0,3.72,7.97,0.0,8.79,10.75,7.84,0.0,11.31,7.18,3.55,0.0,0.0,0.0
RFPL1S,0.0,0.0,0.0,7.39,8.13,0.0,0.0,0.0,0.0,0.0,8.06,6.11,8.73,7.82,10.77,7.69,6.88,7.22,0.0,0.0,0.0,9.48,0.0,12.69,0.0,9.03,0.0,4.46,0.0,8.98,0.0
RGS9BP,0.0,0.0,8.97,0.0,7.72,7.97,0.0,13.22,0.0,0.0,0.0,6.26,0.0,6.66,8.23,0.0,6.81,7.8,0.0,0.0,0.0,9.1,0.0,10.78,9.37,9.64,0.0,4.71,9.05,7.72,5.35
RHOU,0.0,6.49,7.56,0.0,0.0,7.84,7.72,0.0,0.0,0.0,0.0,5.83,0.0,0.0,0.0,8.89,0.0,6.77,0.0,0.0,0.0,8.28,0.0,9.97,0.0,9.62,0.0,3.79,0.0,0.0,5.46
RNF144B,9.26,7.02,8.43,0.0,7.97,0.0,0.0,9.14,7.05,0.0,8.45,5.1,8.44,9.73,10.49,0.0,5.87,7.97,5.78,5.78,5.02,9.54,9.33,0.0,0.0,0.0,0.0,0.0,0.0,0.0,0.0
RNF150,9.73,7.59,0.0,9.35,7.95,8.79,0.0,0.0,0.0,0.0,0.0,5.34,0.0,0.0,8.99,0.0,0.0,7.06,0.0,0.0,0.0,8.37,8.95,0.0,0.0,0.0,6.2,6.14,0.0,0.0,5.09
RNF2P1,0.0,0.0,0.0,0.0,0.0,7.91,7.54,8.83,0.0,0.0,0.0,4.33,0.0,9.94,7.34,0.0,5.99,7.89,6.15,7.64,7.76,9.54,9.5,0.0,0.0,10.6,0.0,3.26,0.0,0.0,7.66
ROR2,0.0,6.53,0.0,0.0,7.7,8.07,0.0,0.0,0.0,0.0,0.0,6.26,0.0,0.0,6.36,0.0,7.78,6.41,7.98,6.9,0.0,9.23,0.0,9.79,8.39,9.77,0.0,4.54,0.0,8.98,0.0
RPL12P20,0.0,5.13,6.42,0.0,8.12,8.92,6.55,10.12,7.25,8.55,8.99,0.0,8.27,9.27,6.98,0.0,6.67,5.83,6.3,6.8,8.43,9.99,10.27,11.76,0.0,9.78,0.0,0.0,0.0,0.0,2.91
RPL36A-HNRNPH2,9.09,7.61,0.0,9.2,8.07,9.54,0.0,0.0,7.95,8.62,9.91,4.43,0.0,7.01,9.18,0.0,7.38,0.0,8.26,9.15,10.3,0.0,0.0,8.79,0.0,6.3,0.0,2.63,0.0,0.0,7.09
RPS20P22,0.0,7.79,7.28,8.6,7.19,7.78,0.0,0.0,6.63,0.0,9.36,0.0,9.5,9.56,5.5,3.53,6.03,0.0,5.54,0.0,7.9,0.0,8.73,13.58,0.0,9.9,9.13,0.0,0.0,0.0,8.51
RRAD,0.0,6.49,8.14,9.11,8.27,7.55,0.0,0.0,4.79,0.0,6.97,5.42,0.0,8.2,5.46,0.0,6.68,6.62,0.0,0.0,0.0,8.37,0.0,8.25,8.06,8.34,0.0,4.34,0.0,0.0,6.23
RSPH14,0.0,7.79,7.85,8.44,7.64,8.17,0.0,9.56,8.02,9.51,0.0,7.35,0.0,7.73,3.67,0.0,6.96,6.98,9.74,0.0,0.0,9.63,9.9,0.0,9.28,9.29,5.17,3.24,8.64,0.0,6.43
S1PR3,9.22,6.17,0.0,0.0,0.0,0.0,7.16,0.0,7.74,9.44,8.22,0.0,8.35,7.24,5.31,8.0,6.02,7.6,0.0,0.0,7.1,8.45,8.84,11.89,8.49,9.19,0.0,3.82,0.0,9.14,6.67
SACS,9.22,7.08,7.79,0.0,8.16,7.34,7.3,10.29,5.62,8.52,0.0,6.57,0.0,7.72,6.79,9.18,8.36,0.0,8.12,0.0,4.26,0.0,11.43,0.0,0.0,8.25,9.67,0.0,0.0,10.58,7.8
SAMD11,0.0,0.0,0.0,0.0,7.6,9.92,8.0,0.0,6.29,0.0,0.0,4.99,0.0,9.05,4.54,7.37,6.79,0.0,5.87,0.0,0.0,8.71,0.0,8.65,8.84,9.97,8.27,4.91,8.35,7.66,4.63
SCARA5,0.0,6.49,8.32,0.0,8.45,8.59,7.9,9.06,6.71,9.17,6.73,0.0,0.0,6.33,8.46,0.0,6.64,6.42,0.0,0.0,0.0,8.68,8.57,10.17,8.63,9.22,0.0,2.63,8.08,7.26,6.55
SCN1A-AS1,9.36,7.57,7.17,0.0,7.7,6.78,0.0,9.85,0.0,0.0,7.28,4.86,0.0,7.23,9.14,8.92,7.1,7.17,0.0,0.0,7.08,7.88,9.3,0.0,0.0,7.59,0.0,3.86,0.0,0.0,3.32
SCN9A,9.56,6.49,0.0,8.46,8.22,7.67,7.26,0.0,6.72,0.0,0.0,0.0,9.05,5.64,9.05,8.89,8.14,7.32,8.34,0.0,7.88,9.57,0.0,12.45,0.0,0.0,9.91,3.57,0.0,0.0,8.17
SDK1,0.0,6.49,7.6,0.0,7.46,0.0,0.0,0.0,6.08,0.0,9.39,7.4,8.4,7.1,8.9,0.0,7.25,0.0,0.0,0.0,0.0,8.96,9.34,10.16,0.0,8.35,0.0,4.73,0.0,9.38,6.96
SDK2,0.0,0.0,0.0,0.0,7.74,6.1,0.0,0.0,0.0,0.0,0.0,4.59,8.2,7.15,9.15,4.85,5.18,6.36,0.0,0.0,0.0,8.64,0.0,11.26,8.93,9.07,5.94,4.27,8.74,9.02,8.08
SEMA6B,9.38,7.3,7.5,9.29,8.25,7.12,9.48,10.22,5.87,0.0,8.16,8.39,0.0,8.5,0.0,0.0,5.7,8.33,0.0,5.46,0.0,9.17,0.0,8.03,9.61,8.93,9.7,4.64,0.0,9.14,5.19
SERPINA3,0.0,0.0,7.47,0.0,0.0,0.0,7.73,0.0,7.82,9.01,0.0,0.0,0.0,8.13,0.0,0.0,6.49,7.27,0.0,0.0,5.04,9.54,9.47,12.86,0.0,9.53,5.62,0.0,0.0,0.0,9.08
SERPINB7,9.61,7.23,7.32,0.0,0.0,7.42,0.0,9.67,5.97,0.0,9.32,0.0,0.0,7.38,7.65,7.25,7.43,7.52,5.67,0.0,0.0,0.0,9.52,9.61,0.0,6.37,9.86,0.0,0.0,0.0,0.0
SERTAD4,9.1,7.57,9.72,7.83,7.65,0.0,11.12,0.0,9.05,10.79,8.49,4.59,8.93,7.27,4.21,0.0,5.25,6.97,6.73,8.69,0.0,8.25,10.9,12.58,8.83,8.68,0.0,4.37,0.0,8.98,4.97
SFMBT2,0.0,5.57,7.74,9.37,6.75,7.46,0.0,0.0,7.01,0.0,0.0,5.14,0.0,7.91,0.0,0.0,0.0,0.0,0.0,0.0,0.0,8.7,0.0,0.0,9.52,10.3,0.0,4.48,0.0,0.0,6.89
SH2D5,0.0,6.49,7.73,0.0,8.46,7.42,0.0,0.0,5.77,0.0,0.0,6.36,0.0,8.01,7.68,8.0,6.14,8.09,6.09,8.57,10.63,8.32,0.0,11.0,8.11,9.65,4.99,4.04,0.0,0.0,0.0
SH3BGRL2,10.23,6.76,0.0,0.0,0.0,6.11,8.01,0.0,10.61,12.31,0.0,6.06,0.0,7.08,0.0,0.0,7.54,7.97,9.12,5.78,4.43,8.03,0.0,13.59,0.0,10.05,0.0,4.25,0.0,0.0,6.95
SH3BP1,0.0,0.0,7.95,8.93,7.52,7.64,0.0,0.0,8.29,9.58,0.0,4.4,8.26,7.32,0.0,0.0,6.36,8.38,0.0,0.0,0.0,8.24,0.0,0.0,8.19,8.77,0.0,2.32,0.0,10.58,6.32
SH3RF3,0.0,10.35,7.22,0.0,8.02,7.99,0.0,0.0,4.99,0.0,0.0,6.11,0.0,9.19,5.42,0.0,6.58,7.98,0.0,0.0,0.0,0.0,0.0,9.16,8.64,9.58,0.0,4.97,0.0,8.18,8.65
SH3TC2,0.0,6.49,8.17,0.0,7.06,7.78,6.18,0.0,5.88,0.0,0.0,0.0,0.0,8.2,0.0,0.0,6.28,9.7,9.43,0.0,0.0,8.5,0.0,9.27,9.74,9.2,0.0,0.0,8.38,10.58,0.0
SHC2,0.0,0.0,8.79,0.0,7.21,0.0,6.77,0.0,6.38,0.0,0.0,4.59,8.67,7.19,5.97,9.97,6.36,8.69,11.07,0.0,5.83,8.83,9.32,11.07,8.52,9.3,0.0,4.73,0.0,0.0,5.11
SHC3,0.0,0.0,8.61,8.92,8.12,6.57,0.0,0.0,6.81,0.0,0.0,5.51,8.41,9.09,0.0,3.72,6.62,3.54,0.0,0.0,0.0,7.62,10.5,0.0,8.53,9.74,0.0,3.56,0.0,0.0,0.0
SHH,0.0,8.65,7.53,0.0,0.0,7.52,6.62,0.0,7.77,10.36,8.99,4.47,0.0,8.74,5.61,7.46,5.74,7.16,0.0,0.0,0.0,8.28,0.0,9.75,0.0,0.0,8.1,6.45,0.0,8.98,5.3
SHROOM2,0.0,6.49,7.36,0.0,7.98,7.56,7.96,0.0,5.99,0.0,0.0,4.59,0.0,9.61,0.0,0.0,6.88,8.04,8.78,8.02,0.0,9.98,9.91,13.41,8.93,9.92,0.0,3.86,0.0,0.0,6.13
SLC10A1,0.0,5.29,7.62,8.93,8.55,10.24,0.0,0.0,6.54,8.36,0.0,5.02,0.0,7.79,10.07,4.07,0.0,6.49,0.0,0.0,0.0,8.39,0.0,0.0,0.0,9.09,0.0,0.0,8.41,8.98,7.3
SLC12A8,0.0,0.0,7.69,9.55,7.53,8.42,0.0,10.24,7.95,0.0,0.0,4.5,8.53,9.47,9.43,0.0,6.36,0.0,9.35,0.0,0.0,9.41,0.0,10.65,8.71,9.34,7.31,3.81,8.43,0.0,0.0
SLC16A7,7.94,6.9,7.7,9.05,7.56,10.75,0.0,9.7,5.37,0.0,0.0,5.86,8.63,0.0,11.91,5.87,6.94,8.74,5.63,7.59,0.0,8.23,9.03,12.88,8.93,10.56,0.0,3.78,8.27,7.54,6.82
SLC17A3,0.0,7.18,6.45,8.92,8.62,7.95,0.0,0.0,6.25,0.0,8.79,5.53,8.84,7.71,8.48,0.0,6.3,6.34,8.04,0.0,6.26,0.0,9.7,0.0,0.0,8.35,8.57,3.94,0.0,0.0,4.61
SLC19A3,0.0,5.15,7.69,0.0,0.0,8.49,0.0,0.0,7.38,0.0,0.0,4.17,0.0,9.31,6.94,3.7,7.02,7.2,0.0,7.64,0.0,9.42,0.0,0.0,0.0,9.74,0.0,0.0,8.4,0.0,0.0
SLC22A31,0.0,0.0,7.6,7.84,8.33,7.89,0.0,0.0,8.64,9.59,0.0,5.92,0.0,9.85,5.18,3.75,5.48,6.89,7.06,8.09,7.27,9.37,0.0,11.7,9.36,9.4,0.0,4.37,0.0,0.0,8.41
SLC38A4,12.2,6.49,8.69,8.23,7.57,8.45,0.0,0.0,0.0,0.0,0.0,5.63,0.0,6.72,4.92,0.0,7.51,0.0,6.15,0.0,3.91,7.89,0.0,12.86,8.64,9.95,10.1,4.1,0.0,8.18,6.47
SLC44A5,8.93,6.49,7.91,0.0,8.45,0.0,0.0,0.0,8.92,0.0,7.93,0.0,0.0,6.87,0.0,0.0,5.3,5.39,6.77,7.6,7.97,0.0,8.9,0.0,0.0,7.07,0.0,0.0,8.43,0.0,0.0
SLC47A1P1,10.67,8.31,0.0,7.69,0.0,7.94,0.0,9.02,6.25,0.0,0.0,6.15,0.0,7.82,5.44,0.0,7.53,6.21,0.0,0.0,0.0,10.12,9.55,0.0,8.98,9.41,7.99,3.32,0.0,0.0,6.69
SLC5A11,0.0,6.49,9.53,0.0,7.79,0.0,6.91,0.0,7.37,8.79,6.96,0.0,9.62,8.25,8.84,0.0,7.4,8.05,7.29,8.42,7.22,7.82,0.0,12.32,8.95,8.95,0.0,3.61,0.0,8.34,0.0
SLC6A15,8.93,7.72,7.17,0.0,0.0,0.0,9.6,10.16,0.0,0.0,8.5,5.07,0.0,7.93,0.0,0.0,6.96,8.28,6.62,8.18,4.87,0.0,0.0,9.95,0.0,8.26,0.0,3.84,0.0,8.98,6.79
SLC7A7,9.35,6.18,7.53,10.03,8.86,7.73,0.0,0.0,0.0,0.0,0.0,4.93,0.0,0.0,4.65,0.0,6.84,9.22,7.27,7.54,0.0,9.26,0.0,0.0,8.42,8.42,5.05,3.58,7.74,8.98,4.81
SLC9A3-AS1,0.0,0.0,7.27,0.0,7.04,7.35,0.0,0.0,6.93,8.7,0.0,5.27,0.0,7.63,5.67,0.0,6.48,5.96,0.0,0.0,0.0,9.09,0.0,0.0,8.79,9.13,0.0,4.17,8.27,0.0,7.09
SLCO1B3,9.55,8.61,9.53,0.0,0.0,0.0,7.77,9.83,6.49,0.0,8.5,0.0,0.0,8.09,6.05,0.0,8.15,0.0,0.0,0.0,0.0,8.13,10.32,0.0,0.0,10.6,8.53,0.0,0.0,7.26,7.83
SLFN11,10.09,6.04,7.08,0.0,0.0,0.0,8.11,9.82,7.02,0.0,6.97,4.62,0.0,7.9,0.0,6.66,7.31,8.6,7.79,7.92,7.32,8.53,0.0,11.74,8.38,9.43,12.59,6.15,7.74,0.0,5.75
SLFN13,10.49,6.68,0.0,0.0,0.0,5.98,6.56,0.0,5.68,9.25,7.79,4.27,9.43,9.44,9.6,4.62,6.75,6.23,0.0,6.61,7.35,9.22,8.56,10.43,8.93,9.14,16.31,4.9,8.43,0.0,5.34
SLITRK6,7.98,7.48,7.75,0.0,0.0,0.0,7.2,9.69,6.97,0.0,7.65,0.0,0.0,0.0,8.11,0.0,6.82,0.0,6.64,7.98,10.93,0.0,0.0,0.0,0.0,0.0,6.37,0.0,0.0,8.98,0.0
SLPI,8.45,8.22,8.75,8.43,0.0,8.07,0.0,9.33,5.74,0.0,7.73,0.0,0.0,9.68,3.41,0.0,6.45,6.65,9.78,0.0,0.0,9.17,0.0,8.79,0.0,8.8,0.0,0.0,8.43,0.0,3.1
SMIM10,7.93,6.84,7.62,9.02,7.85,0.0,0.0,10.39,0.0,0.0,8.08,0.0,0.0,9.79,9.48,5.13,6.53,5.5,9.33,6.5,8.12,8.99,0.0,0.0,9.61,8.3,12.33,3.23,0.0,0.0,3.0
SNHG16,10.03,6.74,6.97,0.0,0.0,8.19,0.0,0.0,6.88,0.0,8.23,5.1,0.0,6.98,7.58,4.42,5.91,8.05,0.0,8.25,9.63,9.54,0.0,0.0,0.0,8.94,0.0,3.08,8.43,0.0,0.0
SNHG25,9.87,6.92,0.0,8.08,0.0,8.41,8.51,10.01,7.72,8.43,6.96,5.52,0.0,7.69,8.71,0.0,5.91,5.92,7.75,0.0,0.0,8.36,0.0,9.31,0.0,0.0,0.0,4.22,0.0,0.0,0.0
SNORD108,9.12,8.01,8.26,7.83,0.0,0.0,8.46,9.24,0.0,0.0,8.2,0.0,0.0,6.85,4.41,6.71,5.8,0.0,5.19,6.9,7.06,0.0,0.0,0.0,0.0,0.0,4.56,0.0,0.0,0.0,4.48
SNTB1,0.0,6.96,8.95,0.0,0.0,9.29,0.0,9.26,0.0,0.0,8.44,5.12,0.0,6.81,0.0,8.59,6.69,9.36,0.0,0.0,0.0,0.0,0.0,9.8,0.0,9.12,0.0,5.33,0.0,0.0,6.55
SOCS6,11.3,6.96,6.55,0.0,7.23,0.0,0.0,0.0,5.35,0.0,7.95,5.61,0.0,9.48,0.0,8.42,6.37,5.49,6.08,8.93,9.42,8.48,0.0,12.13,9.35,10.26,0.0,5.04,8.32,0.0,5.67
SOX21-AS1,9.37,0.0,7.35,0.0,7.12,0.0,8.11,0.0,6.87,0.0,7.97,6.74,0.0,7.37,5.83,4.27,6.61,6.73,10.09,5.8,0.0,8.39,8.78,9.2,8.64,8.21,7.33,2.57,8.27,8.98,7.33
SPARC,0.0,6.59,0.0,7.78,7.69,0.0,6.75,9.17,7.95,0.0,0.0,4.73,8.24,0.0,3.29,6.37,7.19,8.94,6.79,5.78,7.26,8.37,0.0,12.4,8.94,8.75,0.0,3.7,8.43,0.0,6.62
SPDYE17,0.0,6.49,9.03,0.0,8.53,7.84,0.0,0.0,8.0,8.96,0.0,0.0,0.0,8.67,0.0,0.0,6.03,0.0,0.0,6.62,0.0,8.47,8.57,10.05,8.78,8.95,9.97,2.62,9.05,9.14,0.0
ST6GALNAC3,0.0,6.49,9.07,8.5,7.72,7.54,7.01,10.73,8.11,10.36,7.2,5.07,0.0,5.58,6.91,8.27,5.72,7.94,7.44,8.03,7.0,9.68,0.0,12.63,0.0,0.0,7.78,2.6,0.0,0.0,6.08
STAG3,0.0,6.86,7.33,7.53,8.61,0.0,6.27,0.0,9.02,9.22,8.5,5.52,0.0,8.81,4.76,3.75,7.32,9.3,0.0,0.0,0.0,9.97,0.0,11.37,9.69,9.77,0.0,3.74,8.38,9.14,3.99
STC2,9.32,0.0,7.76,0.0,0.0,7.73,0.0,0.0,7.0,0.0,10.79,5.4,0.0,9.52,5.54,0.0,5.51,6.72,9.88,0.0,0.0,8.63,0.0,12.62,10.02,9.73,7.96,3.67,8.4,8.98,0.0
STMN3,0.0,0.0,7.72,0.0,9.34,7.21,0.0,0.0,7.49,0.0,0.0,6.52,0.0,9.55,0.0,0.0,8.3,7.56,0.0,0.0,0.0,9.54,8.58,10.42,8.87,8.9,0.0,3.99,8.08,9.06,5.47
STX11,9.09,8.64,9.62,0.0,8.06,8.94,7.78,8.95,0.0,0.0,8.2,4.91,0.0,8.21,8.48,0.0,7.53,5.31,0.0,0.0,0.0,8.51,10.19,7.84,10.21,11.4,0.0,3.99,0.0,0.0,9.68
SULT2B1,0.0,0.0,7.52,0.0,7.92,0.0,0.0,0.0,8.6,10.33,7.8,8.06,0.0,8.37,9.75,0.0,7.12,8.86,0.0,0.0,0.0,8.5,9.07,12.19,8.46,9.82,0.0,3.32,8.43,0.0,9.35
SVEP1,0.0,5.02,8.68,8.86,7.26,8.18,0.0,9.48,0.0,0.0,7.77,6.24,0.0,0.0,10.2,6.83,8.24,6.29,0.0,0.0,0.0,8.25,10.48,12.67,0.0,10.95,0.0,4.32,0.0,0.0,6.47
SYBU,0.0,0.0,0.0,0.0,0.0,9.26,7.82,0.0,7.44,9.46,0.0,5.58,0.0,8.82,10.84,0.0,6.5,8.82,0.0,0.0,0.0,8.27,10.78,13.01,0.0,9.55,0.0,4.49,0.0,10.58,0.0
SYT13,0.0,0.0,7.71,7.96,0.0,0.0,6.2,0.0,4.85,0.0,0.0,5.02,10.02,9.27,7.09,9.0,6.34,9.85,9.61,9.49,7.41,8.41,9.6,11.81,0.0,7.93,0.0,3.11,8.43,0.0,0.0
SYT3,9.98,8.79,7.94,0.0,7.49,8.68,8.4,0.0,6.75,0.0,8.4,5.98,0.0,0.0,3.1,0.0,7.35,5.64,8.63,7.27,0.0,8.91,0.0,13.05,0.0,8.67,0.0,4.52,0.0,0.0,6.18
TBC1D8-AS1,0.0,6.61,7.97,0.0,6.88,8.21,0.0,0.0,6.44,9.0,8.45,4.93,0.0,7.97,7.31,0.0,6.76,6.63,8.58,0.0,0.0,8.89,8.66,12.89,8.96,9.42,5.16,5.02,0.0,8.28,6.22
TC2N,0.0,5.19,7.3,9.71,7.61,6.29,7.43,9.24,7.56,9.19,0.0,0.0,8.49,10.22,4.41,6.96,0.0,8.32,0.0,5.6,0.0,0.0,9.44,0.0,0.0,6.3,5.74,0.0,0.0,0.0,6.93
TCEAL3,0.0,7.42,9.01,0.0,0.0,6.03,0.0,11.55,8.93,0.0,8.31,4.94,0.0,8.05,0.0,7.0,7.17,7.73,7.19,7.11,5.28,8.23,10.81,10.8,8.99,9.17,0.0,3.94,8.32,0.0,4.62
TENM2,0.0,7.28,6.92,0.0,0.0,8.14,6.19,10.48,5.65,0.0,8.5,0.0,0.0,6.28,5.45,9.2,7.56,9.25,5.52,0.0,5.54,9.04,11.07,8.06,0.0,0.0,0.0,0.0,0.0,10.58,6.73
TENM3,0.0,0.0,7.43,0.0,0.0,10.23,0.0,0.0,9.03,10.31,0.0,5.43,8.57,8.1,6.17,0.0,7.26,6.82,0.0,0.0,0.0,8.33,0.0,12.13,8.8,9.9,0.0,4.13,8.74,0.0,5.64
TENM3-AS1,10.84,8.31,8.72,0.0,8.23,9.62,0.0,10.03,0.0,0.0,7.67,5.59,8.57,8.24,6.87,0.0,6.97,5.42,4.37,0.0,0.0,8.37,0.0,12.13,8.97,9.89,7.61,4.07,0.0,0.0,5.64
TEX15,8.96,8.61,0.0,8.6,7.1,0.0,0.0,0.0,7.19,0.0,0.0,6.45,0.0,7.71,3.37,0.0,6.45,5.12,0.0,0.0,0.0,8.43,0.0,14.17,8.86,9.27,5.51,4.8,0.0,0.0,6.55
TEX41,0.0,7.95,10.28,0.0,7.52,0.0,0.0,0.0,6.66,0.0,0.0,4.86,0.0,9.3,7.56,0.0,6.1,0.0,5.86,0.0,4.14,9.8,0.0,0.0,0.0,8.55,0.0,3.9,0.0,0.0,0.0
TFAP2A-AS1,8.77,7.32,7.13,9.25,0.0,0.0,7.48,10.48,0.0,0.0,7.88,4.34,0.0,7.43,0.0,6.12,5.96,5.24,0.0,0.0,0.0,7.94,9.46,11.26,8.33,8.33,0.0,2.91,0.0,0.0,7.54
TG,9.68,7.13,8.5,0.0,7.08,0.0,0.0,0.0,5.63,0.0,0.0,0.0,0.0,6.34,10.13,10.03,6.82,3.77,7.12,0.0,0.0,0.0,0.0,11.64,0.0,0.0,0.0,3.29,0.0,0.0,6.35
THSD4,8.84,7.31,7.46,8.88,8.11,7.63,7.56,9.16,0.0,0.0,8.18,0.0,8.53,8.53,3.76,0.0,6.01,7.53,7.84,8.85,7.9,0.0,9.85,15.14,0.0,0.0,0.0,0.0,0.0,0.0,0.0
THSD7A,0.0,6.7,8.33,0.0,0.0,8.9,9.26,9.98,6.17,0.0,8.44,7.84,0.0,0.0,6.77,6.83,6.79,0.0,9.02,0.0,0.0,8.76,9.6,11.01,0.0,8.77,7.37,3.72,0.0,0.0,0.0
THY1,0.0,7.7,7.65,8.38,8.41,6.74,7.25,0.0,7.74,0.0,8.5,0.0,0.0,10.78,10.33,10.43,7.64,0.0,0.0,0.0,0.0,8.5,0.0,0.0,8.64,8.72,11.26,4.76,9.05,0.0,0.0
TICAM2,9.34,7.35,8.05,10.28,0.0,7.85,0.0,0.0,0.0,0.0,0.0,5.58,0.0,0.0,0.0,0.0,6.72,7.86,8.42,0.0,0.0,8.13,0.0,10.96,9.42,9.32,0.0,4.68,0.0,10.58,6.21
TIMP3,0.0,0.0,7.3,9.62,8.18,8.0,0.0,0.0,6.22,0.0,0.0,4.24,0.0,7.34,7.12,0.0,0.0,7.3,6.09,0.0,7.9,9.67,10.22,12.55,0.0,9.08,0.0,3.84,0.0,0.0,3.85
TINAGL1,0.0,0.0,9.04,8.91,7.75,8.39,0.0,0.0,7.43,10.05,0.0,4.15,9.81,7.73,7.08,0.0,5.8,10.45,8.66,0.0,0.0,8.53,0.0,12.26,9.14,10.69,0.0,3.81,8.43,8.98,8.41
TLE2,0.0,5.96,5.51,0.0,7.95,8.29,0.0,0.0,5.53,0.0,7.43,7.0,0.0,9.11,7.8,3.9,6.7,7.67,7.21,9.03,10.55,9.17,0.0,13.27,8.63,9.67,10.29,3.23,0.0,0.0,0.0
TM4SF20,0.0,7.3,7.74,8.21,0.0,8.03,0.0,0.0,7.04,9.63,0.0,0.0,0.0,0.0,0.0,9.12,5.85,10.53,7.24,7.28,8.86,7.61,0.0,8.97,0.0,0.0,0.0,0.0,0.0,0.0,0.0
TM4SF4,10.25,6.82,7.49,0.0,7.73,9.97,0.0,9.53,6.57,0.0,0.0,4.81,8.98,7.58,8.7,7.18,3.72,7.45,7.69,8.25,9.14,0.0,0.0,8.21,0.0,6.31,0.0,0.0,0.0,0.0,3.36
TMEM130,9.28,5.13,7.98,8.81,7.76,13.6,0.0,0.0,7.92,10.28,0.0,4.91,8.92,8.13,6.17,0.0,6.1,5.99,0.0,0.0,0.0,10.16,0.0,12.97,9.17,9.83,0.0,3.06,8.38,8.98,5.33
TMEM154,0.0,7.64,7.41,8.73,7.53,8.63,6.86,9.19,0.0,0.0,0.0,4.95,0.0,9.52,4.28,7.97,8.07,6.49,7.32,7.59,6.01,8.6,8.77,10.23,8.95,8.6,7.74,4.75,0.0,8.18,6.94
TMEM169,9.59,8.19,10.04,0.0,7.72,7.67,0.0,11.11,4.59,0.0,8.4,5.3,0.0,11.32,5.64,10.18,5.07,7.55,6.91,8.37,5.95,8.39,9.29,0.0,0.0,8.33,8.17,4.6,0.0,7.54,6.92
TMEM178B,0.0,0.0,8.86,0.0,7.41,7.84,0.0,0.0,6.17,0.0,0.0,4.62,0.0,7.64,0.0,0.0,7.21,7.22,0.0,0.0,0.0,8.33,0.0,12.93,8.76,8.79,0.0,4.34,8.35,8.56,0.0
TMEM198,0.0,6.49,8.27,8.96,7.83,7.37,9.37,10.45,6.65,0.0,0.0,4.98,8.41,8.42,7.77,4.5,6.6,5.97,10.38,0.0,0.0,9.13,0.0,12.47,8.83,8.77,0.0,4.86,0.0,8.26,0.0
TMEM47,0.0,7.05,7.71,9.09,6.85,0.0,7.45,8.68,7.15,0.0,7.73,5.24,8.24,8.31,3.98,0.0,5.63,0.0,0.0,0.0,0.0,9.08,10.17,0.0,8.83,9.05,6.1,6.31,0.0,0.0,0.0
TMOD1,0.0,6.49,0.0,8.06,0.0,0.0,7.95,0.0,4.62,0.0,6.73,6.11,0.0,0.0,8.35,3.75,6.14,9.08,0.0,8.91,8.43,8.41,9.51,9.76,8.88,9.96,0.0,4.05,0.0,10.58,7.92
TMSB4Y,9.5,8.46,7.25,10.69,7.43,6.9,6.19,9.39,8.43,0.0,0.0,6.94,0.0,8.73,0.0,8.19,7.14,8.69,9.17,8.8,0.0,0.0,0.0,0.0,8.46,8.85,5.48,5.81,8.43,9.06,6.9
TMTC2,0.0,5.91,7.79,8.31,7.56,0.0,8.11,0.0,7.06,8.29,0.0,6.86,8.48,6.16,0.0,0.0,7.72,9.21,3.41,9.16,9.2,8.73,0.0,10.99,8.83,9.62,0.0,5.28,0.0,9.06,4.92
TNFRSF19,0.0,7.06,8.97,8.89,0.0,8.84,8.38,0.0,8.71,9.15,0.0,0.0,0.0,0.0,8.66,0.0,8.32,0.0,10.54,0.0,7.47,0.0,9.5,0.0,0.0,0.0,5.72,0.0,0.0,0.0,0.0
TNFRSF9,8.89,8.37,0.0,0.0,0.0,9.0,7.4,0.0,8.36,0.0,8.44,4.13,8.83,9.42,7.04,7.56,5.62,6.03,5.11,0.0,0.0,0.0,0.0,13.09,0.0,9.43,0.0,3.02,0.0,0.0,0.0
TNFSF15,8.9,6.99,6.43,9.12,8.54,7.4,8.98,10.2,7.73,8.79,9.7,4.11,0.0,8.57,9.98,7.94,7.92,7.81,5.57,6.13,5.59,8.34,0.0,12.09,8.84,8.96,5.83,0.0,8.43,0.0,7.09
TNFSF9,0.0,0.0,9.01,9.22,7.96,9.08,0.0,0.0,6.69,0.0,0.0,5.48,0.0,0.0,4.97,0.0,6.33,0.0,0.0,0.0,0.0,10.38,0.0,13.89,8.83,9.23,0.0,4.56,0.0,0.0,7.12
TNK1,0.0,6.49,8.19,8.46,8.04,8.54,0.0,0.0,5.2,0.0,0.0,4.39,8.63,7.15,4.81,0.0,6.05,0.0,6.67,10.27,9.52,8.29,10.45,11.54,8.83,9.23,0.0,3.22,0.0,0.0,7.03
TNS1,0.0,0.0,7.29,7.85,7.74,8.53,0.0,0.0,5.82,0.0,0.0,4.55,8.26,7.81,5.81,0.0,6.32,9.0,0.0,0.0,0.0,8.33,9.8,9.35,8.21,8.71,0.0,5.36,8.43,8.58,3.41
TOX,0.0,0.0,0.0,7.53,7.22,9.74,8.97,0.0,5.76,0.0,0.0,4.39,0.0,7.85,7.74,3.94,5.72,9.45,9.7,0.0,0.0,8.66,0.0,10.82,0.0,8.79,0.0,4.15,0.0,0.0,6.45
TRIM2,0.0,7.23,0.0,8.81,8.13,8.19,0.0,0.0,8.64,8.83,7.59,4.78,8.55,8.31,7.55,8.15,6.98,7.71,9.91,0.0,0.0,8.05,0.0,0.0,10.21,8.97,0.0,4.05,9.05,0.0,8.14
TRIM22,0.0,8.46,6.31,9.13,7.97,0.0,7.32,0.0,0.0,0.0,10.45,0.0,0.0,9.23,5.2,0.0,8.26,9.12,7.51,7.31,6.01,0.0,0.0,12.27,0.0,9.68,8.03,0.0,0.0,0.0,0.0
TRIM67,0.0,0.0,7.7,0.0,7.26,8.23,0.0,8.95,5.97,0.0,0.0,6.04,8.24,9.25,9.96,0.0,7.12,7.28,0.0,0.0,0.0,8.6,0.0,10.47,9.28,9.74,0.0,4.17,0.0,0.0,5.21
TRO,0.0,7.95,0.0,7.77,8.72,0.0,0.0,9.16,6.53,0.0,7.36,5.86,8.34,8.77,8.33,8.05,6.69,8.68,3.81,5.24,4.18,8.64,11.02,10.23,0.0,6.43,7.69,0.0,0.0,9.86,0.0
TRPM2-AS,0.0,0.0,7.86,0.0,7.46,8.23,0.0,0.0,5.17,0.0,0.0,4.46,9.03,7.64,6.33,0.0,6.57,6.95,0.0,0.0,0.0,8.68,9.96,8.63,8.93,8.91,0.0,3.62,8.43,8.12,4.07
TSKU,0.0,0.0,0.0,0.0,8.32,8.5,7.97,0.0,7.37,9.99,8.28,0.0,8.34,8.77,5.61,0.0,0.0,7.9,0.0,0.0,0.0,8.54,9.93,11.44,9.33,9.23,0.0,4.23,8.43,0.0,7.72
TSPAN7,0.0,9.92,10.35,0.0,0.0,9.2,0.0,0.0,8.43,9.72,0.0,4.8,0.0,9.85,5.58,7.3,7.02,8.62,0.0,0.0,0.0,8.26,0.0,15.08,0.0,9.02,5.71,3.71,8.27,8.66,0.0
TUBAL3,8.88,7.09,8.55,7.96,7.53,8.42,0.0,0.0,6.54,0.0,8.24,0.0,8.3,10.49,0.0,10.1,7.55,0.0,7.35,10.06,5.63,0.0,0.0,0.0,0.0,6.36,9.5,0.0,0.0,0.0,6.03
TUSC1,0.0,6.49,6.37,10.18,8.46,7.74,7.23,8.75,0.0,0.0,0.0,5.82,8.25,10.28,8.26,0.0,5.96,8.17,0.0,8.44,7.09,0.0,9.54,11.7,8.74,9.3,6.32,4.1,8.74,0.0,0.0
TVP23C-CDRT4,0.0,6.49,7.65,7.07,7.06,0.0,7.68,9.81,7.24,0.0,0.0,4.72,0.0,7.99,0.0,0.0,6.82,0.0,7.77,0.0,7.27,9.38,0.0,0.0,8.23,9.05,10.78,4.0,0.0,8.58,6.45
TXLNGY,0.0,5.13,8.78,0.0,7.18,0.0,0.0,8.79,6.74,8.83,7.89,7.04,0.0,0.0,9.22,5.62,7.39,9.05,8.65,0.0,0.0,0.0,8.82,12.37,0.0,10.2,9.17,4.39,0.0,0.0,5.97
UAP1L1,0.0,0.0,7.34,0.0,7.41,7.67,8.3,0.0,7.04,0.0,0.0,5.23,8.47,8.62,4.74,0.0,6.25,7.12,4.72,4.81,6.22,9.01,0.0,8.92,9.61,9.43,5.95,5.04,8.43,8.92,5.64
UBA7,0.0,10.24,8.29,8.75,7.95,7.51,6.32,0.0,8.63,0.0,0.0,0.0,0.0,7.76,6.17,0.0,5.13,0.0,0.0,6.39,0.0,7.9,10.08,9.29,8.59,9.73,7.7,0.0,8.27,9.06,3.71
UGT1A1,10.06,8.05,8.75,0.0,7.96,8.54,7.93,10.3,7.27,8.67,6.97,7.05,0.0,6.68,5.04,8.93,9.67,0.0,0.0,7.29,6.56,9.46,0.0,8.63,9.05,9.5,6.81,0.0,8.43,8.98,0.0
UGT1A6,0.0,0.0,8.85,0.0,0.0,7.76,0.0,10.12,6.9,8.67,7.81,6.27,0.0,9.74,9.09,3.56,7.44,9.11,9.16,0.0,0.0,0.0,0.0,0.0,8.46,9.28,8.5,0.0,8.43,0.0,5.13
UGT1A7,0.0,6.72,0.0,7.88,7.64,7.16,0.0,9.56,8.57,8.79,6.97,0.0,0.0,8.84,8.85,5.59,6.32,8.44,6.19,8.12,0.0,0.0,0.0,0.0,0.0,6.3,5.45,0.0,0.0,0.0,0.0
UGT1A9,9.37,8.75,7.03,0.0,6.76,7.36,0.0,9.27,6.3,0.0,0.0,0.0,9.13,10.98,5.23,9.29,8.14,8.92,6.68,6.91,7.56,8.99,0.0,0.0,8.36,8.36,7.69,0.0,8.27,0.0,0.0
UNC5CL,11.95,8.81,9.23,0.0,7.77,8.75,7.63,9.63,7.95,9.46,9.25,0.0,0.0,8.32,3.27,0.0,6.86,0.0,6.37,7.78,8.15,9.23,0.0,12.62,0.0,0.0,0.0,0.0,0.0,10.58,3.68
UPK1B,0.0,6.49,8.75,8.65,0.0,7.99,7.68,10.78,5.35,0.0,6.98,0.0,0.0,0.0,0.0,7.01,5.69,7.45,5.73,5.23,6.46,0.0,0.0,12.12,0.0,8.35,0.0,0.0,0.0,0.0,3.8
USH1C,9.47,9.88,7.38,8.45,0.0,8.23,0.0,10.58,6.95,0.0,0.0,5.64,0.0,8.37,7.58,7.05,6.94,0.0,8.51,6.23,0.0,9.79,0.0,10.14,8.54,9.4,0.0,3.26,8.43,0.0,4.47
USP32P2,0.0,8.37,8.52,0.0,7.97,0.0,0.0,0.0,7.68,8.98,8.12,4.47,0.0,8.93,5.97,9.12,7.3,10.69,8.72,0.0,0.0,8.92,0.0,10.08,0.0,7.82,0.0,0.0,8.43,8.98,6.93
USP44,0.0,6.33,7.23,0.0,7.97,0.0,0.0,10.01,6.67,9.16,8.32,4.14,0.0,7.7,3.6,0.0,7.85,0.0,5.48,0.0,8.31,8.28,8.88,0.0,8.93,9.46,0.0,0.0,8.4,0.0,3.16
USP9Y,0.0,9.29,8.76,7.17,7.71,7.16,0.0,0.0,0.0,0.0,7.92,4.71,8.51,7.31,0.0,0.0,5.93,9.22,7.1,6.83,4.93,0.0,9.31,9.63,0.0,6.38,8.52,2.74,0.0,8.98,0.0
UTY,10.03,6.76,8.3,8.31,0.0,0.0,0.0,11.61,8.05,0.0,0.0,5.72,8.37,8.28,5.5,0.0,6.82,8.25,0.0,0.0,7.41,8.33,9.89,0.0,8.83,9.43,7.2,2.58,8.43,0.0,5.09
VCAN,0.0,7.03,7.21,7.47,7.66,9.78,0.0,0.0,7.73,8.86,0.0,4.3,0.0,9.41,0.0,9.26,6.73,6.96,9.09,0.0,0.0,9.09,0.0,11.37,0.0,0.0,6.64,6.59,0.0,0.0,0.0
WNT9A,0.0,0.0,7.71,0.0,0.0,7.34,0.0,0.0,0.0,0.0,0.0,5.44,0.0,6.48,8.92,0.0,6.7,0.0,9.66,0.0,0.0,8.82,11.08,11.88,8.74,9.23,0.0,4.54,0.0,0.0,6.8
XYLT1,0.0,0.0,8.34,0.0,8.71,7.73,7.73,12.22,5.61,8.26,0.0,5.61,0.0,8.16,5.65,9.39,6.76,6.05,5.42,0.0,0.0,9.57,0.0,11.87,10.21,10.36,0.0,4.39,8.43,0.0,4.51
YTHDF3-AS1,0.0,0.0,8.32,8.87,8.16,0.0,7.3,0.0,4.75,0.0,6.73,6.94,0.0,10.64,0.0,0.0,7.55,9.31,9.06,8.08,4.05,0.0,0.0,11.37,8.21,9.26,0.0,5.02,0.0,0.0,7.11
Z99572.1,9.05,7.14,9.73,0.0,7.74,8.51,0.0,0.0,7.93,9.49,0.0,5.06,8.9,8.31,8.5,8.63,7.24,6.94,7.63,10.19,9.99,0.0,0.0,13.02,0.0,8.73,0.0,4.91,8.43,0.0,0.0
ZC4H2,0.0,9.5,0.0,9.15,9.39,0.0,8.46,0.0,5.79,0.0,8.1,5.79,8.23,7.95,0.0,0.0,5.87,9.31,0.0,0.0,0.0,8.06,0.0,9.73,0.0,9.0,11.35,5.05,8.54,0.0,0.0
ZNF790-AS1,0.0,7.01,6.78,7.9,7.13,0.0,0.0,9.22,9.65,10.03,8.5,5.99,0.0,11.67,8.36,4.34,6.61,6.17,9.3,6.29,5.61,11.31,0.0,0.0,0.0,10.19,9.38,5.04,0.0,0.0,6.67
